#VRML V2.0 utf8
# 3D model generated by easyeda2kicad.py (https://github.com/uPesy/easyeda2kicad.py)

Shape{
    appearance Appearance {
        material  Material 	{
            diffuseColor 0.25098039215686274 0.25098039215686274 0.25098039215686274
            specularColor 0.12549019607843137 0.12549019607843137 0.12549019607843137
            ambientIntensity 0.251
            transparency 0.0
            shininess 0.5
        }
    }
    geometry IndexedFaceSet {
        ccw TRUE
        solid FALSE
        coord DEF co Coordinate {
            point [
                3.9321 -3.5787 0.5531, 3.9321 -3.5787 0.4474, 4.189 -3.5787 0.4474, 3.9321 -3.5787 0.9765, 3.9321 -3.5787 0.8983, 4.189 -3.5787 0.8983, 4.2913 -3.5787 1.2456, 4.311 -3.5787 1.2479, 4.205 -3.5787 1.2479, 4.3597 -3.5787 0.9782, 4.3426 -3.5787 0.9765, 4.4309 -3.5787 0.9765, 4.4808 -3.5787 1.215, 4.4808 -3.5787 1.1296, 4.5528 -3.5787 1.1296, 4.4948 -3.5787 0.5538, 4.4882 -3.5787 0.5531, 4.5528 -3.5787 0.5531, 4.438 -3.5787 0.554, 4.4309 -3.5787 0.5566, 4.4309 -3.5787 0.5531, 4.815 -3.5787 0.7916, 4.815 -3.5787 0.7062, 4.865 -3.5787 0.7062, 3.7007 -3.5787 1.0376, 3.7521 -3.5787 0.9941, 3.9321 -3.5787 1.2479, 3.4891 -3.5787 1.2479, 3.5325 -3.5787 1.2186, 3.5955 -3.5787 1.1456, 3.6349 -3.5787 1.0687, 3.6442 -3.5787 1.0656, 1.0748 -3.5787 1.8505, 3.9321 -3.5787 2.2285, -2.9548 -3.5787 2.2285, 3.1806 -3.5787 1.3057, 3.2744 -3.5787 1.3173, 3.3546 -3.5787 1.3086, 3.4497 -3.5787 1.2746, 3.0931 -3.5787 1.272, 3.0542 -3.5787 1.2479, 1.0748 -3.5787 1.2479, 3.0467 -3.5787 1.2433, 1.0748 -3.5787 0.9765, 2.6391 -3.5787 0.9765, 2.6557 -3.5787 1.014, 2.7013 -3.5787 1.0725, 2.8448 -3.5787 1.1543, 2.9195 -3.5787 1.1636, 3.0021 -3.5787 1.2051, 2.9414 -3.5787 1.1624, 2.9632 -3.5787 1.1598, 2.7141 -3.5787 1.0846, 2.7745 -3.5787 1.127, 2.751 -3.5787 0.5988, 2.6918 -3.5787 0.6493, 1.0748 -3.5787 0.5531, 2.8196 -3.5787 0.5654, 2.6485 -3.5787 0.7111, 2.6213 -3.5787 0.7818, 1.0748 -3.5787 0.8983, 2.6121 -3.5787 0.8562, 2.6127 -3.5787 0.8743, 2.6169 -3.5787 0.8983, 2.6254 -3.5787 0.9457, 2.8436 -3.5787 0.5582, 2.846 -3.5787 0.5531, 2.8627 -3.5787 0.5175, 2.891 -3.5787 0.4826, 3.1025 -3.5787 0.4474, 3.0699 -3.5787 0.4349, 3.9321 -3.5787 0.0789, 3.0239 -3.5787 0.4292, 3.0167 -3.5787 0.4293, 1.0748 -3.5787 0.0789, 2.9719 -3.5787 0.4363, 1.0748 -3.5787 0.4474, 2.9454 -3.5787 0.4474, 2.9281 -3.5787 0.4547, 3.2017 -3.5787 0.5531, 3.2015 -3.5787 0.5522, 3.179 -3.5787 0.5099, 3.15 -3.5787 0.4775, 3.1122 -3.5787 0.4512, 3.8141 -3.5787 0.8821, 3.8228 -3.5787 0.8201, 3.444 -3.5787 0.6651, 3.457 -3.5787 0.6702, 3.4793 -3.5787 0.7784, 3.7526 -3.5787 0.6398, 3.701 -3.5787 0.5962, 3.1662 -3.5787 0.7461, 3.4205 -3.5787 0.8789, 3.133 -3.5787 0.7763, 3.0927 -3.5787 0.7979, 3.4324 -3.5787 0.6568, 3.7903 -3.5787 0.6924, 3.7042 -3.5787 0.8351, 3.6952 -3.5787 0.8715, 3.6807 -3.5787 0.8983, 2.7364 -3.5787 0.8983, 3.8141 -3.5787 0.7524, 3.4717 -3.5787 0.6721, 3.4736 -3.5787 0.672, 3.4793 -3.5787 0.6707, 2.7476 -3.5787 0.7841, 2.7701 -3.5787 0.7459, 2.8665 -3.5787 0.7261, 2.8041 -3.5787 0.7109, 2.8455 -3.5787 0.6854, 2.9366 -3.5787 0.789, 2.8978 -3.5787 0.762, 2.7317 -3.5787 0.86, 2.734 -3.5787 0.8305, 2.9785 -3.5787 0.805, 3.0239 -3.5787 0.8106, 3.0469 -3.5787 0.8093, 3.4129 -3.5787 0.6133, 3.4134 -3.5787 0.6208, 3.2137 -3.5787 0.6379, 3.4172 -3.5787 0.6352, 3.4245 -3.5787 0.6482, 3.6666 -3.5787 0.7178, 3.6875 -3.5787 0.7474, 3.7006 -3.5787 0.7812, 3.7052 -3.5787 0.8182, 3.4573 -3.5787 0.5562, 3.4447 -3.5787 0.5611, 3.4324 -3.5787 0.5699, 3.428 -3.5787 0.5744, 3.4197 -3.5787 0.5863, 3.4147 -3.5787 0.5991, 3.2126 -3.5787 0.599, 3.2137 -3.5787 0.619, 3.6431 -3.5787 0.5678, 3.5799 -3.5787 0.5544, 3.468 -3.5787 0.5544, 3.4831 -3.5787 0.6702, 3.5685 -3.5787 0.6702, 3.6027 -3.5787 0.6768, 3.6362 -3.5787 0.6923, 3.6642 -3.5787 0.7153, 3.542 -3.5787 0.9662, 2.7536 -3.5787 0.9483, 2.7373 -3.5787 0.906, 3.5571 -3.5787 0.9662, 3.6775 -3.5787 0.9042, 3.6558 -3.5787 0.9284, 3.6264 -3.5787 0.949, 3.5933 -3.5787 0.9618, 3.5009 -3.5787 1.0804, 3.4581 -3.5787 1.1315, 3.022 -3.5787 1.0213, 3.4535 -3.5787 1.1357, 3.4002 -3.5787 1.1727, 3.051 -3.5787 1.0813, 2.7733 -3.5787 0.9765, 3.0087 -3.5787 1.0285, 3.5397 -3.5787 0.9765, 3.5303 -3.5787 1.0193, 2.9662 -3.5787 1.0442, 2.9214 -3.5787 1.0497, 2.9015 -3.5787 1.0487, 3.0936 -3.5787 1.1322, 3.3407 -3.5787 1.1955, 3.1444 -3.5787 1.1693, 3.2763 -3.5787 1.2034, 3.2064 -3.5787 1.1944, 2.8546 -3.5787 1.0375, 2.8124 -3.5787 1.015, 2.7799 -3.5787 0.9861, 3.7647 -3.5787 0.9765, 3.7909 -3.5787 0.9401, 3.8076 -3.5787 0.8983, 4.918 -3.5787 0.8223, 4.918 -3.5787 0.7916, 4.9493 -3.5787 0.8983, 4.9241 -3.5787 0.5858, 4.9493 -3.5787 0.5531, 4.9241 -3.5787 0.5554, 4.865 -3.5787 0.5531, 4.815 -3.5787 0.5858, 4.865 -3.5787 0.5858, 4.815 -3.5787 0.6756, 4.865 -3.5787 0.6756, 4.9104 -3.5787 0.6756, 4.9104 -3.5787 0.7062, 4.865 -3.5787 0.7916, 4.865 -3.5787 0.5554, 4.7805 -3.5787 0.5554, 4.7625 -3.5787 0.5531, 4.7805 -3.5787 0.8223, 4.2299 -3.5787 0.6457, 4.2356 -3.5787 0.7001, 4.2228 -3.5787 0.6348, 4.2186 -3.5787 0.6227, 4.4154 -3.5787 0.5966, 4.3701 -3.5787 0.678, 4.4154 -3.5787 0.5621, 4.3701 -3.5787 0.5554, 4.32 -3.5787 0.5655, 4.3082 -3.5787 0.5577, 4.3367 -3.5787 0.5554, 4.2956 -3.5787 0.5531, 4.205 -3.5787 0.4474, 4.258 -3.5787 0.5531, 4.205 -3.5787 0.5531, 4.2574 -3.5787 0.5532, 4.2446 -3.5787 0.558, 4.2399 -3.5787 0.6546, 4.2538 -3.5787 0.662, 4.2574 -3.5787 0.7141, 4.2802 -3.5787 0.6686, 4.3094 -3.5787 0.722, 4.2981 -3.5787 0.7232, 4.2783 -3.5787 0.7212, 4.2333 -3.5787 0.5659, 4.2296 -3.5787 0.5697, 4.2226 -3.5787 0.5799, 4.4169 -3.5787 0.7065, 4.4209 -3.5787 0.7173, 4.3548 -3.5787 0.7302, 4.2721 -3.5787 0.7474, 4.205 -3.5787 0.8983, 4.2465 -3.5787 0.7387, 4.2356 -3.5787 0.7326, 4.3367 -3.5787 0.5848, 4.3358 -3.5787 0.5848, 4.3306 -3.5787 0.5769, 4.2186 -3.5787 0.5913, 4.2169 -3.5787 0.6064, 4.4268 -3.5787 0.5894, 4.4309 -3.5787 0.5878, 4.4309 -3.5787 0.6585, 4.3671 -3.5787 0.7049, 4.417 -3.5787 0.6816, 4.3012 -3.5787 0.7504, 4.3211 -3.5787 0.7486, 4.3353 -3.5787 0.7443, 4.3618 -3.5787 0.7196, 4.4156 -3.5787 0.6946, 4.3367 -3.5787 0.6765, 4.3355 -3.5787 0.6913, 4.3321 -3.5787 0.7032, 4.3281 -3.5787 0.7101, 4.4306 -3.5787 0.6587, 4.4251 -3.5787 0.6644, 4.4207 -3.5787 0.6714, 4.3231 -3.5787 0.7155, 4.3171 -3.5787 0.7193, 4.4462 -3.5787 0.5531, 4.4309 -3.5787 0.4474, 4.4671 -3.5787 0.5509, 4.5528 -3.5787 0.4474, 4.535 -3.5787 0.7419, 4.535 -3.5787 0.7094, 4.5426 -3.5787 0.5938, 4.5384 -3.5787 0.5832, 4.5322 -3.5787 0.5744, 4.4271 -3.5787 0.7263, 4.4309 -3.5787 0.7297, 4.4309 -3.5787 0.8983, 4.437 -3.5787 0.7352, 4.4461 -3.5787 0.7407, 4.4642 -3.5787 0.7474, 4.4898 -3.5787 0.7504, 4.5528 -3.5787 0.8983, 4.511 -3.5787 0.7487, 4.533 -3.5787 0.6387, 4.5392 -3.5787 0.6295, 4.5428 -3.5787 0.6197, 4.5441 -3.5787 0.6072, 4.5227 -3.5787 0.566, 4.513 -3.5787 0.5603, 4.4866 -3.5787 0.7232, 4.4767 -3.5787 0.7225, 4.4501 -3.5787 0.6976, 4.4677 -3.5787 0.7201, 4.4602 -3.5787 0.7161, 4.4504 -3.5787 0.6931, 4.4517 -3.5787 0.6879, 4.4541 -3.5787 0.6834, 4.4574 -3.5787 0.6798, 4.4691 -3.5787 0.6725, 4.5101 -3.5787 0.7203, 4.4898 -3.5787 0.6634, 4.529 -3.5787 0.713, 4.5028 -3.5787 0.6582, 4.525 -3.5787 0.6459, 4.4552 -3.5787 0.7117, 4.4523 -3.5787 0.7074, 4.4507 -3.5787 0.7029, 4.4477 -3.5787 0.581, 4.4662 -3.5787 0.6392, 4.4463 -3.5787 0.6483, 4.4704 -3.5787 0.5782, 4.4719 -3.5787 0.5782, 4.4882 -3.5787 0.63, 4.489 -3.5787 0.5801, 4.5098 -3.5787 0.604, 4.5095 -3.5787 0.6081, 4.4976 -3.5787 0.5832, 4.5007 -3.5787 0.5851, 4.5045 -3.5787 0.5885, 4.5074 -3.5787 0.5928, 4.5091 -3.5787 0.5976, 4.508 -3.5787 0.6133, 4.5054 -3.5787 0.6178, 4.5012 -3.5787 0.6221, 5.0472 -3.5787 1.0518, 4.9493 -3.5787 1.0518, 5.0745 -3.5787 0.9788, 4.9493 -3.5787 0.9765, 5.1125 -3.5787 0.9788, 8.5217 -3.5787 0.9765, 8.5217 -3.5787 1.2479, 5.0109 -3.5787 1.2457, 4.9493 -3.5787 1.2479, 4.9361 -3.5787 1.0518, 4.9104 -3.5787 0.9788, 4.865 -3.5787 0.9765, 4.8724 -3.5787 0.9788, 4.865 -3.5787 1.2479, 4.9493 -3.5787 1.1807, 4.974 -3.5787 1.2457, 4.7625 -3.5787 0.9765, 4.7586 -3.5787 0.9842, 4.7137 -3.5787 0.9788, 4.7262 -3.5787 1.2454, 4.7625 -3.5787 1.2479, 4.7164 -3.5787 1.2457, 4.6151 -3.5787 1.2479, 4.6151 -3.5787 0.9765, 4.6403 -3.5787 0.9788, 4.6403 -3.5787 1.2457, 4.8269 -3.5787 1.2009, 4.8434 -3.5787 1.1776, 4.8491 -3.5787 1.064, 4.8352 -3.5787 1.0368, 4.8173 -3.5787 1.0162, 4.7891 -3.5787 0.996, 4.7625 -3.5787 0.9857, 4.8173 -3.5787 1.2103, 4.8532 -3.5787 1.1521, 4.8576 -3.5787 1.1156, 4.8563 -3.5787 1.0946, 4.7625 -3.5787 1.2398, 4.7625 -3.5787 1.2398, 4.794 -3.5787 1.2269, 4.5528 -3.5787 1.2479, 4.5838 -3.5787 1.2457, 4.5528 -3.5787 1.2457, 4.5838 -3.5787 1.215, 4.5899 -3.5787 1.0092, 4.5899 -3.5787 0.9788, 4.5528 -3.5787 0.9765, 4.4808 -3.5787 1.0092, 4.5528 -3.5787 1.0092, 4.4808 -3.5787 1.099, 4.5528 -3.5787 1.099, 4.5762 -3.5787 1.099, 4.5762 -3.5787 1.1296, 4.5528 -3.5787 1.215, 4.4463 -3.5787 1.2457, 4.4309 -3.5787 1.2479, 4.4463 -3.5787 0.9788, -2.9548 -3.5787 0.0789, -1.0748 -3.5787 0.0789, -2.9548 -3.5787 0.4474, -1.0748 -3.5787 0.4474, -2.9548 -3.5787 0.5531, -1.0748 -3.5787 0.5531, -2.9548 -3.5787 0.8983, -1.0748 -3.5787 0.8983, -2.9548 -3.5787 0.9765, -1.0748 -3.5787 0.9765, -2.9548 -3.5787 1.2479, -1.0748 -3.5787 1.2479, -1.0748 -3.5787 1.8505, 4.3929 -3.5787 1.2393, 4.3685 -3.5787 1.2467, 4.3564 -3.5787 1.2479, 4.5528 -3.5787 0.9788, 4.3929 -3.5787 1.2032, 4.324 -3.5787 1.005, 4.3396 -3.5787 1.0057, 4.3883 -3.5787 0.9876, 4.3693 -3.5787 1.0119, 4.3929 -3.5787 1.0229, 4.3929 -3.5787 0.9898, 4.2965 -3.5787 1.2142, 4.2755 -3.5787 1.2045, 4.2573 -3.5787 1.1895, 4.3863 -3.5787 1.2067, 4.2552 -3.5787 1.1872, 4.2424 -3.5787 1.1686, 4.2335 -3.5787 1.1455, 4.2292 -3.5787 1.1092, 4.2293 -3.5787 1.1056, 4.2336 -3.5787 1.0732, 4.2615 -3.5787 1.0272, 4.2791 -3.5787 1.015, 4.2984 -3.5787 1.0079, 4.3588 -3.5787 1.2161, 4.33 -3.5787 1.2191, 4.3198 -3.5787 1.2187, 4.2422 -3.5787 1.0516, 4.2554 -3.5787 1.0331, 4.3296 -3.5787 1.2502, 4.205 -3.5787 2.2285, 4.4309 -3.5787 2.2285, 4.3343 -3.5787 1.2501, 4.2634 -3.5787 1.2348, 4.2144 -3.5787 1.1892, 4.2316 -3.5787 1.2109, 4.2376 -3.5787 1.2166, 4.205 -3.5787 1.0466, 4.1982 -3.5787 1.0642, 4.189 -3.5787 0.9765, 4.1931 -3.5787 1.1072, 4.194 -3.5787 1.1262, 4.189 -3.5787 1.2479, 4.2009 -3.5787 1.1601, 4.205 -3.5787 1.169, 4.2471 -3.5787 0.994, 4.2273 -3.5787 1.0107, 4.205 -3.5787 0.9765, 4.2249 -3.5787 1.0134, 4.209 -3.5787 1.0362, 4.319 -3.5787 0.9743, 4.3005 -3.5787 0.9753, 4.295 -3.5787 0.9765, 4.272 -3.5787 0.9817, 4.3464 -3.5787 0.738, 4.2946 -3.5787 0.5528, 4.2774 -3.5787 0.5509, 4.7099 -3.5787 0.746, 4.7445 -3.5787 0.746, 4.7625 -3.5787 0.8983, 4.865 -3.5787 0.8223, 4.865 -3.5787 0.8983, 4.6685 -3.5787 0.5531, 4.6487 -3.5787 0.6027, 4.6528 -3.5787 0.587, 4.6537 -3.5787 0.587, 4.6151 -3.5787 0.8983, 4.6151 -3.5787 0.6996, 4.6578 -3.5787 0.6025, 4.6553 -3.5787 0.5936, 4.6151 -3.5787 0.6098, 4.5615 -3.5787 0.746, 4.5989 -3.5787 0.746, 4.6352 -3.5787 0.5531, 4.6363 -3.5787 0.5558, 4.6151 -3.5787 0.5091, 4.6151 -3.5787 0.5091, 4.6151 -3.5787 0.5531, 4.6216 -3.5787 0.5211, 4.5684 -3.5787 0.4981, 4.5684 -3.5787 0.4683, 4.5753 -3.5787 0.4958, 4.5874 -3.5787 0.4942, 4.5954 -3.5787 0.4951, 4.6151 -3.5787 0.4715, 4.6035 -3.5787 0.4671, 4.6151 -3.5787 0.4474, 4.59 -3.5787 0.4656, 4.5826 -3.5787 0.4659, 4.6027 -3.5787 0.4979, 4.6089 -3.5787 0.5021, 4.658 -3.5787 0.5266, 4.6429 -3.5787 0.4971, 4.7625 -3.5787 0.4474, 4.6306 -3.5787 0.4824, 4.6284 -3.5787 0.4803, 4.6167 -3.5787 0.4722, -8.5217 -3.5787 0.0789, -8.5217 -3.5787 0.4474, -8.5217 -3.5787 0.5531, -8.5217 -3.5787 0.8983, -8.5217 -3.5787 0.9765, -8.5217 -3.5787 1.2479, -8.5217 -3.5787 2.2285, 4.1821 -3.5787 1.0092, 4.1821 -3.5787 0.9788, 4.0414 -3.5787 0.9788, 4.0758 -3.5787 1.2457, 4.0758 -3.5787 1.0092, 4.0414 -3.5787 1.2457, 4.189 -3.5787 0.5531, 4.1849 -3.5787 0.5554, 4.0414 -3.5787 0.5554, 4.1849 -3.5787 0.5858, 4.1789 -3.5787 0.7916, 4.0758 -3.5787 0.6756, 4.0758 -3.5787 0.5858, 4.1713 -3.5787 0.6756, 4.1713 -3.5787 0.7062, 4.0758 -3.5787 0.7062, 4.0758 -3.5787 0.7916, 4.0414 -3.5787 0.8223, 4.1789 -3.5787 0.8223, 4.189 -3.5787 2.2285, 4.5528 -3.5787 2.2285, 4.6151 -3.5787 2.2285, 4.7625 -3.5787 2.2285, 4.865 -3.5787 2.2285, 4.9493 -3.5787 2.2285, 8.5217 -3.5787 2.2285, 5.4087 -3.5787 0.5554, 5.4468 -3.5787 0.5554, 8.5217 -3.5787 0.5531, 5.3451 -3.5787 0.8223, 8.5217 -3.5787 0.8983, 5.3815 -3.5787 0.6284, 5.2703 -3.5787 0.6284, 5.2447 -3.5787 0.5554, 5.2066 -3.5787 0.5554, 5.3083 -3.5787 0.8223, 5.1234 -3.5787 0.5726, 5.1516 -3.5787 0.5928, 5.1694 -3.5787 0.6134, 5.0929 -3.5787 0.5608, 5.0479 -3.5787 0.5554, 4.9745 -3.5787 0.5554, 4.9745 -3.5787 0.8223, 5.0507 -3.5787 0.8223, 5.1516 -3.5787 0.7869, 5.1612 -3.5787 0.7775, 5.1776 -3.5787 0.7542, 5.1874 -3.5787 0.7287, 5.1918 -3.5787 0.6922, 5.1906 -3.5787 0.6712, 5.1834 -3.5787 0.6406, 5.0605 -3.5787 0.822, 5.0968 -3.5787 0.8164, 5.1283 -3.5787 0.8035, 4.865 -3.5787 0.4474, 4.9493 -3.5787 0.4474, 8.5217 -3.5787 0.4474, 4.189 -3.5787 0.0789, 4.205 -3.5787 0.0789, 4.4309 -3.5787 0.0789, 4.5528 -3.5787 0.0789, 4.6151 -3.5787 0.0789, 4.7625 -3.5787 0.0789, 4.865 -3.5787 0.0789, 4.9493 -3.5787 0.0789, 8.5217 -3.5787 0.0789
            ]
        }
        coordIndex [
            0,1,2,-1,3,4,5,-1,6,7,8,-1,9,10,11,-1,12,13,14,-1,15,16,17,-1,18,19,20,-1,21,22,23,-1,24,25,26,-1,26,25,3,-1,27,28,26,-1,26,28,29,-1,29,30,26,-1,26,30,31,-1,26,31,24,-1,32,33,34,-1,35,36,33,-1,33,36,37,-1,33,37,38,-1,35,33,39,-1,39,33,32,-1,39,32,40,-1,40,32,41,-1,40,41,42,-1,43,44,41,-1,41,44,45,-1,41,45,46,-1,41,47,42,-1,42,47,48,-1,42,48,49,-1,49,48,50,-1,49,50,51,-1,46,52,41,-1,41,52,53,-1,41,53,47,-1,54,55,56,-1,54,56,57,-1,55,58,56,-1,56,58,59,-1,56,59,60,-1,60,59,61,-1,61,62,60,-1,60,62,63,-1,60,63,43,-1,43,63,64,-1,43,64,44,-1,65,57,66,-1,66,57,56,-1,66,56,67,-1,67,56,68,-1,69,70,71,-1,70,72,71,-1,71,72,73,-1,71,73,74,-1,74,73,75,-1,74,75,76,-1,76,75,77,-1,76,77,56,-1,56,77,78,-1,56,78,68,-1,0,79,1,-1,1,79,80,-1,1,80,81,-1,81,82,1,-1,1,82,83,-1,1,83,69,-1,84,85,4,-1,86,87,88,-1,89,90,0,-1,91,92,93,-1,93,92,94,-1,86,88,95,-1,89,0,96,-1,97,98,92,-1,92,98,99,-1,92,99,100,-1,4,85,0,-1,0,85,101,-1,0,101,96,-1,87,102,88,-1,88,102,103,-1,88,103,104,-1,105,106,107,-1,107,106,108,-1,107,108,109,-1,110,100,111,-1,111,100,112,-1,111,112,107,-1,107,112,113,-1,107,113,105,-1,110,114,100,-1,100,114,115,-1,100,115,92,-1,92,115,116,-1,92,116,94,-1,117,118,119,-1,119,118,120,-1,119,120,88,-1,88,120,121,-1,88,121,95,-1,122,123,88,-1,88,123,124,-1,88,124,92,-1,92,124,125,-1,92,125,97,-1,126,127,79,-1,79,127,128,-1,79,128,129,-1,129,130,79,-1,79,130,131,-1,79,131,132,-1,132,131,117,-1,132,117,133,-1,133,117,119,-1,90,134,0,-1,0,134,135,-1,0,135,79,-1,79,135,136,-1,79,136,126,-1,104,137,88,-1,88,137,138,-1,88,138,139,-1,139,140,88,-1,88,140,141,-1,88,141,122,-1,142,143,144,-1,144,100,142,-1,142,100,99,-1,142,99,145,-1,145,99,146,-1,146,147,145,-1,145,147,148,-1,145,148,149,-1,150,151,152,-1,151,153,152,-1,152,153,154,-1,152,154,155,-1,156,152,157,-1,143,142,156,-1,156,142,158,-1,156,158,152,-1,152,158,159,-1,152,159,150,-1,157,160,156,-1,156,160,161,-1,156,161,162,-1,155,154,163,-1,163,154,164,-1,163,164,165,-1,165,164,166,-1,165,166,167,-1,168,169,162,-1,162,169,170,-1,162,170,156,-1,25,171,3,-1,3,171,172,-1,3,172,4,-1,4,172,173,-1,4,173,84,-1,174,175,176,-1,176,175,177,-1,176,177,178,-1,178,177,179,-1,178,179,180,-1,181,182,183,-1,183,182,184,-1,184,182,185,-1,185,182,177,-1,185,177,186,-1,186,177,175,-1,186,175,23,-1,23,175,187,-1,23,187,21,-1,179,188,180,-1,180,188,189,-1,180,189,190,-1,190,189,191,-1,192,193,194,-1,194,193,195,-1,196,197,198,-1,198,197,199,-1,198,199,19,-1,200,201,202,-1,202,201,203,-1,202,203,199,-1,204,205,206,-1,206,205,207,-1,206,207,208,-1,192,209,193,-1,193,209,210,-1,193,210,211,-1,211,210,212,-1,213,214,212,-1,212,214,215,-1,212,215,211,-1,208,216,206,-1,206,216,217,-1,206,217,218,-1,219,220,221,-1,222,223,224,-1,224,223,225,-1,226,227,202,-1,202,227,228,-1,202,228,200,-1,218,229,206,-1,206,229,230,-1,206,230,223,-1,223,230,195,-1,223,195,225,-1,225,195,193,-1,231,232,233,-1,234,197,235,-1,222,236,223,-1,223,236,237,-1,223,237,238,-1,221,239,219,-1,219,239,234,-1,219,234,240,-1,240,234,235,-1,241,242,212,-1,212,242,243,-1,212,243,244,-1,231,233,196,-1,233,245,196,-1,196,245,246,-1,196,246,197,-1,197,246,247,-1,197,247,235,-1,244,248,212,-1,212,248,249,-1,212,249,213,-1,18,20,250,-1,250,20,251,-1,250,251,252,-1,252,251,16,-1,16,251,253,-1,16,253,17,-1,254,255,17,-1,256,257,17,-1,17,257,258,-1,259,260,261,-1,261,260,262,-1,261,262,263,-1,263,264,261,-1,261,264,265,-1,261,265,266,-1,266,265,267,-1,266,267,254,-1,268,269,255,-1,255,269,270,-1,255,270,17,-1,17,270,271,-1,17,271,256,-1,258,272,17,-1,17,272,273,-1,17,273,15,-1,274,275,276,-1,276,275,277,-1,276,277,278,-1,276,279,274,-1,274,279,280,-1,274,280,281,-1,281,282,274,-1,274,282,283,-1,274,283,284,-1,284,283,285,-1,284,285,286,-1,286,285,287,-1,286,287,255,-1,255,287,288,-1,255,288,268,-1,289,290,278,-1,278,290,291,-1,278,291,276,-1,292,293,232,-1,232,293,294,-1,232,294,233,-1,292,295,293,-1,293,295,296,-1,293,296,297,-1,297,296,298,-1,297,299,300,-1,298,301,297,-1,297,301,302,-1,297,302,303,-1,303,304,297,-1,297,304,305,-1,297,305,299,-1,300,306,297,-1,297,306,307,-1,297,307,308,-1,309,310,311,-1,311,310,312,-1,311,312,313,-1,314,315,316,-1,316,315,317,-1,310,318,312,-1,312,318,319,-1,312,319,320,-1,320,319,321,-1,320,321,322,-1,322,321,323,-1,322,323,317,-1,317,323,324,-1,317,324,316,-1,325,326,327,-1,328,329,330,-1,330,329,331,-1,325,327,332,-1,332,327,333,-1,332,333,331,-1,331,333,334,-1,331,334,330,-1,335,336,322,-1,320,337,338,-1,338,339,320,-1,320,339,340,-1,320,340,325,-1,325,340,341,-1,325,341,326,-1,335,322,342,-1,336,343,322,-1,322,343,344,-1,322,344,320,-1,320,344,345,-1,320,345,337,-1,328,346,329,-1,329,346,347,-1,329,347,322,-1,322,347,348,-1,322,348,342,-1,331,349,350,-1,350,349,351,-1,350,352,331,-1,331,352,353,-1,331,353,332,-1,332,353,354,-1,332,354,355,-1,356,357,358,-1,358,357,359,-1,359,357,360,-1,360,357,353,-1,360,353,361,-1,361,353,352,-1,361,352,14,-1,14,352,362,-1,14,362,12,-1,351,349,363,-1,363,349,364,-1,363,364,365,-1,366,367,368,-1,368,367,369,-1,368,369,370,-1,370,369,371,-1,370,371,372,-1,372,371,373,-1,372,373,374,-1,374,373,375,-1,374,375,376,-1,376,375,377,-1,376,377,34,-1,34,377,378,-1,34,378,32,-1,379,364,380,-1,380,364,381,-1,354,382,355,-1,355,382,365,-1,355,365,11,-1,11,365,364,-1,11,364,383,-1,383,364,379,-1,384,385,383,-1,9,11,386,-1,385,387,383,-1,383,387,388,-1,383,388,11,-1,11,388,389,-1,11,389,386,-1,390,391,392,-1,393,394,383,-1,383,394,395,-1,383,395,396,-1,396,397,383,-1,383,397,398,-1,383,398,399,-1,400,401,383,-1,383,401,402,-1,383,402,384,-1,393,403,394,-1,394,403,404,-1,394,404,392,-1,392,404,405,-1,392,405,390,-1,399,406,383,-1,383,406,407,-1,383,407,400,-1,7,408,409,-1,409,408,410,-1,410,408,411,-1,410,411,381,-1,6,8,412,-1,413,414,8,-1,8,414,415,-1,8,415,412,-1,416,417,418,-1,419,420,421,-1,421,420,422,-1,421,422,8,-1,8,422,423,-1,8,423,413,-1,424,425,426,-1,426,425,427,-1,426,427,428,-1,429,430,223,-1,223,430,431,-1,223,431,426,-1,426,431,432,-1,426,432,424,-1,10,429,261,-1,261,429,223,-1,261,223,259,-1,259,223,238,-1,259,238,220,-1,220,238,433,-1,220,433,221,-1,19,199,20,-1,20,199,203,-1,20,203,251,-1,251,203,434,-1,251,434,204,-1,204,434,435,-1,204,435,205,-1,436,437,438,-1,174,176,439,-1,439,176,440,-1,439,440,191,-1,191,440,438,-1,191,438,190,-1,190,438,437,-1,190,437,441,-1,442,443,444,-1,438,445,436,-1,436,445,446,-1,436,446,447,-1,447,446,442,-1,447,442,448,-1,448,442,444,-1,449,450,17,-1,254,17,266,-1,266,17,450,-1,266,450,445,-1,445,450,451,-1,445,451,446,-1,452,453,449,-1,454,455,456,-1,456,455,457,-1,456,457,452,-1,452,449,456,-1,456,449,17,-1,456,17,458,-1,458,17,253,-1,458,253,459,-1,458,460,456,-1,456,460,461,-1,456,461,462,-1,463,464,465,-1,465,464,466,-1,465,466,253,-1,253,466,467,-1,253,467,459,-1,462,468,456,-1,456,468,469,-1,456,469,454,-1,470,471,472,-1,470,472,441,-1,471,473,472,-1,472,473,474,-1,472,474,465,-1,465,474,475,-1,465,475,463,-1,476,366,477,-1,477,366,368,-1,477,368,478,-1,478,368,370,-1,478,370,479,-1,479,370,372,-1,479,372,480,-1,480,372,374,-1,480,374,481,-1,481,374,376,-1,481,376,482,-1,482,376,34,-1,483,484,418,-1,418,484,485,-1,486,421,26,-1,417,419,418,-1,418,419,421,-1,418,421,483,-1,483,421,486,-1,483,486,487,-1,5,418,3,-1,3,418,485,-1,3,485,26,-1,26,485,488,-1,26,488,486,-1,489,490,491,-1,490,489,492,-1,492,489,5,-1,492,5,493,-1,494,495,496,-1,496,495,492,-1,496,492,497,-1,497,492,493,-1,497,493,498,-1,498,493,499,-1,2,489,0,-1,0,489,491,-1,0,491,4,-1,4,491,500,-1,4,500,5,-1,5,500,501,-1,5,501,493,-1,7,409,8,-1,8,409,502,-1,8,502,421,-1,421,502,33,-1,421,33,26,-1,26,33,38,-1,26,38,27,-1,2,204,489,-1,489,204,206,-1,489,206,5,-1,5,206,223,-1,5,223,418,-1,418,223,426,-1,418,426,416,-1,416,426,428,-1,10,261,11,-1,11,261,266,-1,11,266,355,-1,355,266,445,-1,355,445,332,-1,332,445,438,-1,332,438,325,-1,325,438,440,-1,325,440,320,-1,320,440,176,-1,320,176,312,-1,381,364,410,-1,410,364,349,-1,410,349,503,-1,503,349,331,-1,503,331,504,-1,504,331,329,-1,504,329,505,-1,505,329,322,-1,505,322,506,-1,506,322,317,-1,506,317,507,-1,507,317,315,-1,507,315,508,-1,509,178,510,-1,510,178,511,-1,510,511,512,-1,512,511,513,-1,514,515,509,-1,509,515,516,-1,509,516,178,-1,178,516,517,-1,316,313,314,-1,314,313,312,-1,314,312,513,-1,513,312,176,-1,513,176,512,-1,512,176,518,-1,519,517,520,-1,520,517,521,-1,519,522,517,-1,517,522,523,-1,517,523,178,-1,178,523,524,-1,178,524,176,-1,176,524,525,-1,176,525,526,-1,527,528,518,-1,518,528,529,-1,518,529,530,-1,530,531,518,-1,518,531,532,-1,518,532,517,-1,517,532,533,-1,517,533,521,-1,526,534,176,-1,176,534,535,-1,176,535,518,-1,518,535,536,-1,518,536,527,-1,441,472,190,-1,190,472,537,-1,190,537,180,-1,180,537,538,-1,180,538,178,-1,178,538,539,-1,178,539,511,-1,69,71,1,-1,1,71,540,-1,1,540,2,-1,2,540,541,-1,2,541,204,-1,204,541,542,-1,204,542,251,-1,251,542,543,-1,251,543,253,-1,253,543,544,-1,253,544,465,-1,465,544,545,-1,465,545,472,-1,472,545,546,-1,472,546,537,-1,537,546,547,-1,537,547,538,-1,538,547,548,-1,538,548,539,-1,
        ]
    }
}
Shape{
    appearance Appearance {
        material  Material 	{
            diffuseColor 0.7529411764705882 0.7529411764705882 0.7529411764705882
            specularColor 0.3764705882352941 0.3764705882352941 0.3764705882352941
            ambientIntensity 0.7529
            transparency 0.0
            shininess 0.5
        }
    }
    geometry IndexedFaceSet {
        ccw TRUE
        solid FALSE
        coord DEF co Coordinate {
            point [
                -7.3504 0.1988 -1.7716, -7.3504 0.1988 -1.4709, -7.3504 0.002 -1.4709, -7.3504 -0.1073 -1.8857, -7.3504 -0.0768 -1.8898, -7.3504 -0.1949 -1.7716, -7.3504 0.0807 -1.8898, -7.3504 -0.1949 -1.4709, -7.3504 -0.1791 -1.8307, -7.3504 -0.1603 -1.8552, -7.3504 -0.1358 -1.8739, -7.3504 0.1642 -1.8552, -7.3504 0.183 -1.8307, -7.3504 0.1398 -1.8739, -7.3504 0.1948 -1.8022, -7.3504 0.1113 -1.8857, -7.3504 -0.1909 -1.8022, -7.3504 -0.628 0.0395, -7.3504 0.1988 -0.3148, -7.3504 0.6319 -0.3148, -7.3504 -0.628 -0.3148, -7.3504 -0.1949 -0.3148, -7.3504 -0.1949 -0.5929, -7.3504 0.002 -0.5929, -7.3504 1.9705 0.0395, -7.3504 1.9705 0.0789, -7.3504 0.6319 0.0395, -7.3504 -1.2972 0.0789, -7.3504 0.1988 -0.5929, -7.3504 -1.9665 0.0789, -7.3504 -1.9665 0.0395, -7.4685 -0.1949 -1.7716, -7.4685 -0.1949 -1.4709, -7.4685 0.002 -1.4709, -7.4685 0.1988 -1.4709, -7.4685 -0.0768 -1.8898, -7.4685 0.1988 -1.7716, -7.4685 0.0807 -1.8898, -7.4685 -0.1073 -1.8857, -7.4685 -0.1358 -1.8739, -7.4685 -0.1603 -1.8552, -7.4685 -0.1791 -1.8307, -7.4685 -0.1909 -1.8022, -7.4685 0.1113 -1.8857, -7.4685 0.1948 -1.8022, -7.4685 0.1398 -1.8739, -7.4685 0.183 -1.8307, -7.4685 0.1642 -1.8552, -7.4685 -0.1949 -0.3148, -7.4685 -0.628 -0.3148, -7.4685 -0.628 0.0395, -7.4685 -0.628 1.7324, -7.4685 -0.628 2.0462, -7.4685 0.6319 2.0462, -7.4685 0.6319 0.0395, -7.4685 0.6319 -0.3148, -7.4685 0.1988 -0.3148, -7.4685 0.6319 1.7324, -7.4685 0.8878 1.7324, -7.4685 0.002 -0.5929, -7.4685 -0.1949 -0.5929, -7.4685 -1.9665 0.0395, -7.4685 -1.9665 0.0789, -7.4685 1.9705 0.0395, -7.4685 1.9705 0.0789, -7.4685 1.9705 5.2757, -7.4685 0.8878 4.882, -7.4685 -1.9665 5.2757, -7.4685 -0.8839 4.882, -7.4685 -0.8839 1.7324, -7.4685 0.1988 -0.5929, -7.61 0.1988 -0.885, -7.4856 0.1988 -0.6594, -7.4729 0.1988 -0.6272, -7.4717 0.1988 -1.4413, -7.4812 0.1988 -1.4132, -7.4685 0.1988 -1.1585, -7.6183 0.1988 -1.1157, -7.4685 0.1988 -0.873, -7.5066 0.1988 -0.942, -7.6325 0.1988 -0.9403, -7.5187 0.1988 -0.9718, -7.6416 0.1988 -0.9993, -7.5236 0.1988 -1.0036, -7.6368 0.1988 -1.0589, -7.521 0.1988 -1.0357, -7.511 0.1988 -1.0662, -7.2089 -0.1949 -0.885, -7.3333 -0.1949 -0.6594, -7.346 -0.1949 -0.6272, -7.3472 -0.1949 -1.4413, -7.3377 -0.1949 -1.4132, -7.3504 -0.1949 -1.1585, -7.2006 -0.1949 -1.1157, -7.3504 -0.1949 -0.873, -7.3123 -0.1949 -0.942, -7.1864 -0.1949 -0.9403, -7.3002 -0.1949 -0.9718, -7.1773 -0.1949 -0.9993, -7.2953 -0.1949 -1.0036, -7.1821 -0.1949 -1.0589, -7.2979 -0.1949 -1.0357, -7.3079 -0.1949 -1.0662, -7.3504 -0.628 1.7324, -7.3504 -0.8839 1.7324, -7.3504 -0.628 2.0474, -7.3504 -0.8839 2.0474, -7.3504 -0.9823 2.0474, -7.3504 -0.8839 4.882, -7.3504 0.8878 2.0474, -7.3504 0.9862 2.0474, -7.3504 0.8878 4.882, -7.3504 0.9862 5.2757, -7.3504 -0.9823 5.2757
            ]
        }
        coordIndex [
            0,1,2,-1,3,4,5,-1,5,4,6,-1,5,6,7,-1,8,9,10,-1,11,12,13,-1,13,12,14,-1,13,14,15,-1,15,14,0,-1,15,0,6,-1,6,0,2,-1,6,2,7,-1,3,5,10,-1,10,5,16,-1,10,16,8,-1,17,18,19,-1,17,20,21,-1,21,22,23,-1,24,25,26,-1,26,25,27,-1,17,21,18,-1,18,21,23,-1,18,23,28,-1,29,30,27,-1,27,30,17,-1,27,17,26,-1,26,17,19,-1,31,32,33,-1,33,34,35,-1,35,34,36,-1,35,36,37,-1,33,35,31,-1,31,35,38,-1,31,38,39,-1,40,41,39,-1,39,41,42,-1,39,42,31,-1,37,36,43,-1,43,36,44,-1,43,44,45,-1,45,44,46,-1,45,46,47,-1,48,49,50,-1,51,52,53,-1,54,55,56,-1,54,57,58,-1,59,60,48,-1,61,62,50,-1,50,62,51,-1,50,51,57,-1,57,51,53,-1,63,54,64,-1,64,54,58,-1,64,58,65,-1,65,58,66,-1,65,66,67,-1,67,66,68,-1,67,68,62,-1,62,68,69,-1,62,69,51,-1,57,54,50,-1,50,54,56,-1,50,56,48,-1,48,56,70,-1,48,70,59,-1,56,18,70,-1,70,18,28,-1,0,36,1,-1,1,36,34,-1,71,72,28,-1,28,72,73,-1,28,73,70,-1,34,74,1,-1,1,74,75,-1,1,75,76,-1,76,75,77,-1,28,78,71,-1,71,78,79,-1,71,79,80,-1,80,79,81,-1,80,81,82,-1,82,81,83,-1,82,83,84,-1,84,83,85,-1,84,85,77,-1,77,85,86,-1,77,86,76,-1,21,48,22,-1,22,48,60,-1,31,5,32,-1,32,5,7,-1,87,88,60,-1,60,88,89,-1,60,89,22,-1,7,90,32,-1,32,90,91,-1,32,91,92,-1,92,91,93,-1,60,94,87,-1,87,94,95,-1,87,95,96,-1,96,95,97,-1,96,97,98,-1,98,97,99,-1,98,99,100,-1,100,99,101,-1,100,101,93,-1,93,101,102,-1,93,102,92,-1,51,69,103,-1,103,69,104,-1,103,104,105,-1,105,104,106,-1,107,106,108,-1,109,110,111,-1,111,110,112,-1,111,112,108,-1,108,112,113,-1,108,113,107,-1,20,17,49,-1,49,17,50,-1,55,54,19,-1,19,54,26,-1,64,25,63,-1,63,25,24,-1,30,29,61,-1,61,29,62,-1,
        ]
    }
}
Shape{
    appearance Appearance {
        material  Material 	{
            diffuseColor 0.25098039215686274 0.25098039215686274 0.25098039215686274
            specularColor 0.12549019607843137 0.12549019607843137 0.12549019607843137
            ambientIntensity 0.251
            transparency 0.0
            shininess 0.5
        }
    }
    geometry IndexedFaceSet {
        ccw TRUE
        solid FALSE
        coord DEF co Coordinate {
            point [
                -8.5217 -1.2972 0.0789, -8.5217 3.5827 0.0789, -8.0994 1.9705 0.0789, -7.2735 3.0747 0.0789, -7.2266 3.1358 0.0789, -6.2992 3.5827 0.0789, -7.1971 3.207 0.0789, -7.3346 3.5392 0.0789, -7.2735 3.4923 0.0789, -7.2266 3.4311 0.0789, -7.3346 3.0277 0.0789, -7.3504 1.9705 0.0789, -7.3504 -1.2972 0.0789, -6.2992 -1.2972 0.0789, -7.3504 -1.9665 0.0789, -6.2992 -3.5787 0.0789, -7.4685 -1.9665 0.0789, -8.5217 -3.5787 0.0789, -8.0994 -1.9665 0.0789, -8.0994 -1.2972 0.0789, -7.187 3.2835 0.0789, -7.1971 3.3599 0.0789, -7.6299 3.5392 0.0789, -7.6911 3.4923 0.0789, -7.738 3.4311 0.0789, -7.7675 3.3599 0.0789, -7.7776 3.2835 0.0789, -7.7675 3.207 0.0789, -7.738 3.1358 0.0789, -7.6911 3.0747 0.0789, -7.6299 3.0277 0.0789, -7.5587 2.9983 0.0789, -7.4685 1.9705 0.0789, -7.4823 2.9882 0.0789, -7.4059 2.9983 0.0789, -7.4059 3.5687 0.0789, -7.4823 3.5787 0.0789, -7.5587 3.5687 0.0789, 8.5217 -1.2972 0.0789, 8.5217 -3.5787 0.0789, 8.0994 -1.9665 0.0789, -1.0748 -3.5787 0.0789, -1.0748 -3.185 0.0789, 1.0748 -3.185 0.0789, 7.3504 -1.2972 0.0789, 1.0748 -3.5787 0.0789, 7.3504 -1.9665 0.0789, 7.4685 -1.9665 0.0789, 7.3504 1.9705 0.0789, 8.5217 3.5827 0.0789, 4.3361 -0.4435 0.0789, 4.4665 -0.5436 0.0789, -5.327 -0.313 0.0789, -5.2269 -0.4435 0.0789, 8.0994 -1.2972 0.0789, 8.0994 1.9705 0.0789, 7.4685 1.9705 0.0789, -5.39 -0.1611 0.0789, -5.2269 0.4474 0.0789, -5.327 0.3169 0.0789, -5.39 0.165 0.0789, -5.4114 0.002 0.0789, -5.0965 -0.5436 0.0789, -4.9445 -0.6065 0.0789, -4.7815 -0.628 0.0789, 5.0965 -0.5436 0.0789, 5.2269 -0.4435 0.0789, 5.327 -0.313 0.0789, 4.4665 0.5475 0.0789, 4.3361 0.4474 0.0789, 4.6185 -0.6065 0.0789, 4.7815 -0.628 0.0789, 4.9445 -0.6065 0.0789, 4.236 0.3169 0.0789, -4.3361 0.4474 0.0789, -4.4665 0.5475 0.0789, -4.6185 0.6104 0.0789, -4.7815 0.6319 0.0789, -4.9445 0.6104 0.0789, -5.0965 0.5475 0.0789, 5.39 0.165 0.0789, 5.4114 0.002 0.0789, 5.39 -0.1611 0.0789, 5.327 0.3169 0.0789, 5.2269 0.4474 0.0789, 5.0965 0.5475 0.0789, -4.6185 -0.6065 0.0789, 4.1516 0.002 0.0789, 4.173 -0.1611 0.0789, 4.236 -0.313 0.0789, -4.4665 -0.5436 0.0789, -4.3361 -0.4435 0.0789, -4.236 -0.313 0.0789, 4.9445 0.6104 0.0789, 4.7815 0.6319 0.0789, 4.6185 0.6104 0.0789, -4.173 -0.1611 0.0789, -4.1516 0.002 0.0789, 4.173 0.165 0.0789, -4.173 0.165 0.0789, -4.236 0.3169 0.0789, -7.3514 -0.9823 5.2757, -7.3514 -0.9823 5.6694, -7.3504 -0.9823 5.2757, -6.9291 -0.9823 5.6694, -7.3504 -0.9823 2.0474, -6.9291 -0.9823 2.0474, -7.3504 0.9862 2.0474, -6.9291 0.9862 2.0474, -7.3504 0.9862 5.2757, -6.9291 0.9862 5.6694, -7.3514 0.9862 5.2757, -7.3514 0.9862 5.6694, -7.3504 -0.8839 2.0474, -7.3504 0.8878 2.0474, -7.3504 0.6319 2.0474, -7.3504 -0.628 2.0474, -7.3514 1.9705 5.2757, -7.3514 1.9705 5.6694, -7.3514 -1.9665 5.2757, -7.3514 -1.9665 5.6694
            ]
        }
        coordIndex [
            0,1,2,-1,3,4,5,-1,5,4,6,-1,7,5,8,-1,8,5,9,-1,10,3,11,-1,11,3,5,-1,11,5,12,-1,12,5,13,-1,12,13,14,-1,14,13,15,-1,14,15,16,-1,16,15,17,-1,16,17,18,-1,18,17,0,-1,18,0,19,-1,19,0,2,-1,6,20,5,-1,5,20,21,-1,5,21,9,-1,22,23,1,-1,1,23,24,-1,1,24,25,-1,25,26,1,-1,1,26,27,-1,1,27,2,-1,2,27,28,-1,2,28,29,-1,29,30,2,-1,2,30,31,-1,2,31,32,-1,32,31,33,-1,32,33,11,-1,11,33,34,-1,11,34,10,-1,7,35,5,-1,5,35,36,-1,5,36,1,-1,1,36,37,-1,1,37,22,-1,38,39,40,-1,41,15,42,-1,42,15,13,-1,42,13,43,-1,43,13,44,-1,43,44,45,-1,45,44,46,-1,45,46,39,-1,39,46,47,-1,39,47,40,-1,48,5,49,-1,50,51,13,-1,52,53,13,-1,40,54,38,-1,38,54,55,-1,38,55,49,-1,49,55,56,-1,49,56,48,-1,52,13,57,-1,58,59,5,-1,5,59,60,-1,5,60,13,-1,13,60,61,-1,13,61,57,-1,53,62,13,-1,13,62,63,-1,13,63,64,-1,65,66,44,-1,44,66,67,-1,68,69,5,-1,51,70,13,-1,13,70,71,-1,13,71,44,-1,44,71,72,-1,44,72,65,-1,73,74,69,-1,69,74,75,-1,69,75,5,-1,5,75,76,-1,5,76,77,-1,77,78,5,-1,5,78,79,-1,5,79,58,-1,80,48,81,-1,81,48,44,-1,81,44,82,-1,82,44,67,-1,80,83,48,-1,48,83,84,-1,48,84,85,-1,86,87,64,-1,64,87,88,-1,64,88,13,-1,13,88,89,-1,13,89,50,-1,86,90,87,-1,87,90,91,-1,87,91,92,-1,85,93,48,-1,48,93,94,-1,48,94,5,-1,5,94,95,-1,5,95,68,-1,92,96,87,-1,87,96,97,-1,87,97,98,-1,98,97,99,-1,98,99,73,-1,73,99,100,-1,73,100,74,-1,101,102,103,-1,103,102,104,-1,103,104,105,-1,105,104,106,-1,107,108,109,-1,109,108,110,-1,109,110,111,-1,111,110,112,-1,113,105,106,-1,107,114,108,-1,108,114,115,-1,108,115,106,-1,106,115,116,-1,106,116,113,-1,111,112,117,-1,117,112,118,-1,119,120,101,-1,101,120,102,-1,
        ]
    }
}
Shape{
    appearance Appearance {
        material  Material 	{
            diffuseColor 0.7529411764705882 0.7529411764705882 0.7529411764705882
            specularColor 0.3764705882352941 0.3764705882352941 0.3764705882352941
            ambientIntensity 0.7529
            transparency 0.0
            shininess 0.5
        }
    }
    geometry IndexedFaceSet {
        ccw TRUE
        solid FALSE
        coord DEF co Coordinate {
            point [
                7.4685 -1.9665 0.0395, 7.4685 -0.628 0.0395, 7.4685 -1.9665 0.0789, 7.4685 -1.9665 5.2757, 7.4685 0.6319 0.0395, 7.4685 1.9705 0.0395, 7.4685 1.9705 0.0789, 7.4685 -0.1949 -0.3148, 7.4685 0.1988 -0.3148, 7.4685 -0.8839 1.7324, 7.4685 0.6319 1.7324, 7.4685 0.1988 -0.5929, 7.4685 0.002 -0.5929, 7.4685 -0.1949 -0.5929, 7.4685 0.6319 2.0462, 7.4685 -0.628 2.0462, 7.4685 -0.628 1.7324, 7.4685 0.6319 -0.3148, 7.4685 -0.628 -0.3148, 7.4685 -0.8839 4.882, 7.4685 1.9705 5.2757, 7.4685 0.8878 4.882, 7.4685 0.8878 1.7324, 7.3504 0.002 -0.5929, 7.3504 -0.1949 -0.5929, 7.3504 -0.1949 -0.3148, 7.3504 0.6319 0.0395, 7.3504 0.6319 -0.3148, 7.3504 0.1988 -0.3148, 7.3504 0.1988 -0.5929, 7.3504 -0.628 -0.3148, 7.3504 -0.628 0.0395, 7.3504 1.9705 0.0395, 7.3504 1.9705 0.0789, 7.3504 -1.2972 0.0789, 7.3504 -1.9665 0.0395, 7.3504 -1.9665 0.0789, 7.3504 0.0807 -1.8898, 7.3504 -0.0768 -1.8898, 7.3504 0.1988 -1.7716, 7.3504 -0.1949 -1.7716, 7.3504 -0.1949 -1.4709, 7.3504 0.002 -1.4709, 7.3504 0.1988 -1.4709, 7.3504 -0.1603 -1.8552, 7.3504 -0.1791 -1.8307, 7.3504 -0.1358 -1.8739, 7.3504 -0.1909 -1.8022, 7.3504 -0.1073 -1.8857, 7.3504 0.1113 -1.8857, 7.3504 0.1948 -1.8022, 7.3504 0.1398 -1.8739, 7.3504 0.183 -1.8307, 7.3504 0.1642 -1.8552, 7.3504 -0.628 2.0474, 7.3504 -0.8839 2.0474, 7.3504 -0.628 1.7324, 7.3504 -0.8839 1.7324
            ]
        }
        coordIndex [
            0,1,2,-1,2,1,3,-1,4,5,6,-1,7,8,9,-1,4,6,10,-1,11,8,12,-1,12,8,7,-1,12,7,13,-1,14,15,10,-1,10,15,16,-1,10,16,4,-1,4,16,9,-1,4,9,17,-1,17,9,8,-1,18,7,1,-1,1,7,9,-1,1,9,3,-1,3,9,19,-1,3,19,20,-1,20,19,21,-1,20,21,6,-1,6,21,22,-1,6,22,10,-1,23,24,25,-1,26,27,28,-1,29,23,28,-1,28,23,25,-1,28,25,26,-1,26,25,30,-1,26,30,31,-1,32,26,33,-1,33,26,31,-1,33,31,34,-1,34,31,35,-1,34,35,36,-1,37,38,39,-1,40,41,42,-1,39,38,43,-1,44,45,46,-1,46,45,47,-1,46,47,48,-1,48,47,40,-1,48,40,38,-1,38,40,42,-1,38,42,43,-1,37,39,49,-1,49,39,50,-1,49,50,51,-1,51,50,52,-1,51,52,53,-1,54,55,56,-1,56,55,57,-1,57,9,56,-1,56,9,16,-1,
        ]
    }
}
Shape{
    appearance Appearance {
        material  Material 	{
            diffuseColor 0.25098039215686274 0.25098039215686274 0.25098039215686274
            specularColor 0.12549019607843137 0.12549019607843137 0.12549019607843137
            ambientIntensity 0.251
            transparency 0.0
            shininess 0.5
        }
    }
    geometry IndexedFaceSet {
        ccw TRUE
        solid FALSE
        coord DEF co Coordinate {
            point [
                7.3514 -1.9665 5.2757, 7.3514 -1.9665 5.6694, 7.4685 -1.9665 5.2757, 8.0994 -1.9665 5.6694, 7.4685 -1.9665 0.0789, 8.0994 -1.9665 0.0789, 7.4685 1.9705 0.0789, 8.0994 1.9705 0.0789, 7.4685 1.9705 5.2757, 8.0994 1.9705 5.6694, 7.3514 1.9705 5.2757, 7.3514 1.9705 5.6694, 7.3514 -0.9823 5.2757, 7.3514 -0.9823 5.6694, -5.7385 0.2318 0.6301, -6.9291 0.2318 0.6301, -5.7657 0.002 0.6301, -6.9291 -0.2279 0.6301, -5.7385 -0.2279 0.6301, 3.9291 -0.4902 0.3938, 3.1496 -0.4902 0.3938, 3.9291 -0.4902 0.4332, 3.1496 -0.4902 0.641, 3.9291 -0.4902 0.641, 3.9291 0.4941 0.641, 3.1496 0.4941 0.641, 3.9291 0.4941 0.4332, 3.1496 0.4941 0.3938, 3.9291 0.4941 0.3938, -4.1516 0.002 0.0789, -4.1516 0.002 0.4332, -4.173 0.165 0.0789, -4.173 0.165 0.4332, -4.236 0.3169 0.0789, -4.236 0.3169 0.4332, -4.3361 0.4474 0.0789, -4.3361 0.4474 0.4332, -4.4665 0.5475 0.0789, -4.4665 0.5475 0.4332, -4.6185 0.6104 0.0789, -4.6185 0.6104 0.4332, -4.7815 0.6319 0.0789, -4.7815 0.6319 0.4332, -4.9445 0.6104 0.0789, -4.9445 0.6104 0.4332, -5.0965 0.5475 0.0789, -5.0965 0.5475 0.4332, -5.2269 0.4474 0.0789, -5.2269 0.4474 0.4332, -5.327 0.3169 0.0789, -5.327 0.3169 0.4332, -5.39 0.165 0.0789, -5.39 0.165 0.4332, -5.4114 0.002 0.0789, -5.4114 0.002 0.4332, -5.39 -0.1611 0.0789, -5.39 -0.1611 0.4332, -5.327 -0.313 0.0789, -5.327 -0.313 0.4332, -5.2269 -0.4435 0.0789, -5.2269 -0.4435 0.4332, -5.0965 -0.5436 0.0789, -5.0965 -0.5436 0.4332, -4.9445 -0.6065 0.0789, -4.9445 -0.6065 0.4332, -4.7815 -0.628 0.0789, -4.7815 -0.628 0.4332, -4.6185 -0.6065 0.0789, -4.6185 -0.6065 0.4332, -4.4665 -0.5436 0.0789, -4.4665 -0.5436 0.4332, -4.3361 -0.4435 0.0789, -4.3361 -0.4435 0.4332, -4.236 -0.313 0.0789, -4.236 -0.313 0.4332, -4.173 -0.1611 0.0789, -4.173 -0.1611 0.4332, 5.4114 0.002 0.0789, 5.4114 0.002 0.4332, 5.39 0.165 0.0789, 5.39 0.165 0.4332, 5.327 0.3169 0.0789, 5.327 0.3169 0.4332, 5.2269 0.4474 0.0789, 5.2269 0.4474 0.4332, 5.0965 0.5475 0.0789, 5.0965 0.5475 0.4332, 4.9445 0.6104 0.0789, 4.9445 0.6104 0.4332, 4.7815 0.6319 0.0789, 4.7815 0.6319 0.4332, 4.6185 0.6104 0.0789, 4.6185 0.6104 0.4332, 4.4665 0.5475 0.0789, 4.4665 0.5475 0.4332, 4.3361 0.4474 0.0789, 4.3361 0.4474 0.4332, 4.236 0.3169 0.0789, 4.236 0.3169 0.4332, 4.173 0.165 0.0789, 4.173 0.165 0.4332, 4.1516 0.002 0.0789, 4.1516 0.002 0.4332, 4.173 -0.1611 0.0789, 4.173 -0.1611 0.4332, 4.236 -0.313 0.0789, 4.236 -0.313 0.4332, 4.3361 -0.4435 0.0789, 4.3361 -0.4435 0.4332, 4.4665 -0.5436 0.0789, 4.4665 -0.5436 0.4332, 4.6185 -0.6065 0.0789, 4.6185 -0.6065 0.4332, 4.7815 -0.628 0.0789, 4.7815 -0.628 0.4332, 4.9445 -0.6065 0.0789, 4.9445 -0.6065 0.4332, 5.0965 -0.5436 0.0789, 5.0965 -0.5436 0.4332, 5.2269 -0.4435 0.0789, 5.2269 -0.4435 0.4332, 5.327 -0.313 0.0789, 5.327 -0.313 0.4332, 5.39 -0.1611 0.0789, 5.39 -0.1611 0.4332, -6.9291 -3.1476 2.5986, -6.9291 -3.4847 2.5986, 6.9291 -3.1476 2.5986, 6.9291 -3.4847 2.5986, -8.0994 -0.9823 5.6694, -8.5217 -0.9823 5.6694, -8.0994 -1.9665 5.6694, -8.5217 -2.7047 5.6694, -7.3514 -1.9665 5.6694, -6.9291 -2.7047 5.6694, -7.3514 -0.9823 5.6694, -6.9291 -0.9823 5.6694, -7.3514 0.9862 5.6694, -6.9291 0.9862 5.6694, -7.3514 1.9705 5.6694, -6.9291 2.7087 5.6694, -8.0994 1.9705 5.6694, -8.5217 2.7087 5.6694, -8.0994 0.9862 5.6694, -8.5217 0.9862 5.6694, -8.0994 -0.9823 2.0474, -8.5217 -0.9823 2.0474, -8.0994 0.9862 2.0474, -8.5217 0.9862 2.0474, -8.5217 -3.5787 2.2285, -8.5217 -3.5787 0.0789, -8.5217 3.5827 2.2285, -8.5217 3.5827 0.0789, -8.5217 -1.2972 0.0789, 6.9291 3.1516 2.5986, 6.9291 3.4887 2.5986, -6.9291 3.1516 2.5986, -6.9291 3.4887 2.5986, -6.9291 2.9105 2.123, -6.9291 -0.9823 2.0474, -6.9291 -1.7612 1.0285, -6.9291 -1.2752 0.8093, -6.9291 -0.7591 0.6752, -6.9291 0.9862 2.0474, -6.9291 0.7631 0.6752, -6.9291 2.2072 1.3265, -6.9291 2.5927 1.6949, -6.9291 1.2791 0.8093, -6.9291 1.7651 1.0285, -6.9291 -2.9066 2.123, -6.9291 -2.5888 1.6949, -6.9291 -2.2033 1.3265, 8.0994 0.9862 2.0474, 8.5217 0.9862 2.0474, 8.0994 0.9862 5.6694, 8.5217 0.9862 5.6694, 8.0994 -0.9823 5.6694, 8.5217 -0.9823 5.6694, 8.0994 -0.9823 2.0474, 8.5217 -0.9823 2.0474, 8.5217 2.7087 5.6694, 6.9291 2.7087 5.6694, 7.3514 0.9862 5.6694, 6.9291 0.9862 5.6694, 6.9291 -0.9823 5.6694, 6.9291 -2.7047 5.6694, 8.5217 -2.7047 5.6694, 8.5217 3.5827 2.2285, 8.5217 -3.5787 2.2285, 8.5217 -3.5787 0.0789, 8.5217 -1.2972 0.0789, 8.5217 3.5827 0.0789, -6.2992 3.5827 0.0789, 6.9291 -2.9066 2.123, 6.9291 0.9862 2.0474, 6.9291 1.7651 1.0285, 6.9291 1.2791 0.8093, 6.9291 -0.9823 2.0474, 6.9291 -2.2033 1.3265, 6.9291 -2.5888 1.6949, 6.9291 -0.7591 0.6752, 6.9291 -1.2752 0.8093, 6.9291 -1.7612 1.0285, 6.9291 0.7631 0.6752, 6.9291 0.2318 0.6301, 6.9291 -0.2279 0.6301, 6.9291 2.9105 2.123, 6.9291 2.5927 1.6949, 6.9291 2.2072 1.3265, 7.3514 0.9862 5.2757, 7.3504 0.9862 5.2757, 7.3504 0.9862 2.0474, 7.3504 -0.9823 2.0474, 7.3504 -0.9823 5.2757, 7.3504 0.8878 2.0474, 7.3504 -0.8839 2.0474, 7.3504 -0.628 2.0474, 7.3504 0.6319 2.0474, 8.0994 -1.2972 0.0789, -7.3514 1.9705 5.2757, -7.4685 1.9705 5.2757, -7.4685 1.9705 0.0789, -8.0994 1.9705 0.0789, -7.4685 -1.9665 0.0789, -8.0994 -1.9665 0.0789, -7.4685 -1.9665 5.2757, -7.3514 -1.9665 5.2757, -8.0994 -1.2972 0.0789, 5.7385 0.2318 0.6301, 5.7657 0.002 0.6301, 5.7385 -0.2279 0.6301, 4.0855 0.6979 0.4332, 4.2894 0.8544 0.4332, 4.5268 0.9527 0.4332, 4.7815 0.9862 0.4332, 5.0362 0.9527 0.4332, 5.2736 0.8544 0.4332, 5.4775 0.6979 0.4332, 5.6339 0.4941 0.4332, 5.7322 0.2567 0.4332, 5.7657 0.002 0.4332, 5.7322 -0.2528 0.4332, 5.6339 -0.4902 0.4332, 5.4775 -0.694 0.4332, 5.2736 -0.8504 0.4332, 5.0362 -0.9487 0.4332, 4.7815 -0.9823 0.4332, 4.5268 -0.9487 0.4332, 4.2894 -0.8504 0.4332, 4.0855 -0.694 0.4332, 5.7322 0.2567 0.6302, 4.0011 0.6017 0.6519, 4.0855 0.6979 0.6647, 4.1574 0.7631 0.6752, 4.2894 0.8544 0.6922, 4.4043 0.9111 0.7042, 4.5268 0.9527 0.7137, 4.6526 0.9777 0.7197, 4.7815 0.9862 0.7217, 4.9103 0.9778 0.7197, 5.0362 0.9527 0.7137, 5.1587 0.9111 0.7042, 5.2736 0.8544 0.6922, 5.4056 0.7631 0.6752, 5.4775 0.6979 0.6647, 5.6908 0.3788 0.6335, 5.6339 0.4941 0.641, 5.562 0.6016 0.6518, 5.7306 -0.2523 0.6306, 5.6907 -0.375 0.6335, 5.6339 -0.4902 0.641, 5.5621 -0.5976 0.6518, 5.4775 -0.694 0.6647, 5.4056 -0.7591 0.6752, 5.2736 -0.8504 0.6922, 5.1587 -0.9071 0.7042, 5.0362 -0.9487 0.7137, 4.91 -0.9739 0.7197, 4.7815 -0.9823 0.7217, 4.6524 -0.9738 0.7197, 4.5268 -0.9487 0.7137, 4.4045 -0.9072 0.7042, 4.2894 -0.8504 0.6922, 4.1574 -0.7591 0.6752, 4.0855 -0.694 0.6647, 4.0009 -0.5975 0.6518, -5.7322 -0.2528 0.6302, -5.7322 -0.2528 0.4332, -3.9291 -0.4902 0.641, -3.9291 -0.4902 0.4332, -4.0011 -0.5978 0.6519, -4.0855 -0.694 0.4332, -4.0855 -0.694 0.6647, -4.1574 -0.7591 0.6752, -4.2894 -0.8504 0.4332, -4.2894 -0.8504 0.6922, -4.4043 -0.9071 0.7042, -4.5268 -0.9487 0.4332, -4.5268 -0.9487 0.7137, -4.6526 -0.9738 0.7197, -4.7815 -0.9823 0.4332, -4.7815 -0.9823 0.7217, -4.9103 -0.9738 0.7197, -5.0362 -0.9487 0.4332, -5.0362 -0.9487 0.7137, -5.1587 -0.9071 0.7042, -5.2736 -0.8504 0.4332, -5.2736 -0.8504 0.6922, -5.4056 -0.7591 0.6752, -5.4775 -0.694 0.4332, -5.4775 -0.694 0.6647, -5.6339 -0.4902 0.4332, -5.6908 -0.3748 0.6335, -5.6339 -0.4902 0.641, -5.562 -0.5977 0.6518, -5.7657 0.002 0.4332, -5.7322 0.2567 0.4332, -5.7306 0.2562 0.6306, -5.6907 0.3789 0.6335, -5.6339 0.4941 0.4332, -5.6339 0.4941 0.641, -5.5621 0.6015 0.6518, -5.4775 0.6979 0.4332, -5.4775 0.6979 0.6647, -5.4056 0.7631 0.6752, -5.2736 0.8544 0.4332, -5.2736 0.8544 0.6922, -5.1587 0.9111 0.7042, -5.0362 0.9527 0.4332, -5.0362 0.9527 0.7137, -4.91 0.9778 0.7197, -4.7815 0.9862 0.4332, -4.7815 0.9862 0.7217, -4.6524 0.9777 0.7197, -4.5268 0.9527 0.4332, -4.5268 0.9527 0.7137, -4.4045 0.9112 0.7042, -4.2894 0.8544 0.4332, -4.2894 0.8544 0.6922, -4.1574 0.7631 0.6752, -4.0855 0.6979 0.4332, -4.0855 0.6979 0.6647, -3.9291 0.4941 0.4332, -3.9291 0.4941 0.641, -4.0009 0.6015 0.6518, -3.1496 -0.4902 0.641, -3.1496 -0.4902 0.3938, -3.9291 -0.4902 0.3938, -3.9291 0.4941 0.3938, -3.1496 0.4941 0.3938, -3.1496 0.4941 0.641, 3.0578 1.5738 0.3938, 3.0315 1.5768 0.3938, 3.1466 1.4849 0.3938, -3.0315 1.5768 0.3938, -3.1496 -1.4547 0.3938, 3.1496 -1.4547 0.3938, -3.0578 -1.5699 0.3938, -3.0315 -1.5728 0.3938, -3.1466 -1.481 0.3938, 3.1496 1.4587 0.3938, -3.1379 -1.506 0.3938, -3.1238 -1.5284 0.3938, -3.1051 -1.5471 0.3938, 3.1379 1.5099 0.3938, 3.1238 1.5323 0.3938, 3.1051 1.551 0.3938, -3.0578 1.5738 0.3938, -3.1466 1.4849 0.3938, -3.1496 1.4587 0.3938, 3.0578 -1.5699 0.3938, 3.0827 -1.5611 0.3938, 3.1051 -1.5471 0.3938, 3.1379 -1.506 0.3938, 3.1466 -1.481 0.3938, 3.0315 -1.5728 0.3938, -3.1238 1.5323 0.3938, -3.1379 1.5099 0.3938, -3.1051 1.551 0.3938, -3.0827 1.5651 0.3938, -3.0827 -1.5611 0.3938, 3.1238 -1.5284 0.3938, 3.0827 1.5651 0.3938, -3.1496 0.7631 0.6752, -3.1496 1.2791 0.8093, -3.1496 1.4587 0.8788, 3.1496 0.7631 0.6752, 3.1496 1.2791 0.8093, 3.1496 1.4587 0.8788, -3.0315 1.5768 0.9317, 3.0315 1.5768 0.9317, -3.1466 1.4849 0.8901, -3.1379 1.5099 0.901, -3.1238 1.5323 0.9111, -3.1051 1.551 0.9196, -3.0827 1.5651 0.9262, -3.0578 1.5738 0.9303, 3.0578 1.5738 0.9303, 3.0827 1.5651 0.9262, 3.1051 1.551 0.9196, 3.1238 1.5323 0.9111, 3.1379 1.5099 0.901, 3.1466 1.4849 0.8901, 3.1496 -0.7591 0.6752, 3.1496 -1.2752 0.8093, 3.1496 -1.4547 0.8788, -3.1496 -0.7591 0.6752, -3.1496 -1.2752 0.8093, -3.1496 -1.4547 0.8788, 3.1466 -1.481 0.8901, 3.1379 -1.506 0.901, 3.1238 -1.5284 0.9111, 3.1051 -1.5471 0.9196, 3.0827 -1.5611 0.9262, 3.0578 -1.5699 0.9303, 3.0315 -1.5728 0.9317, -3.0315 -1.5728 0.9317, -3.0578 -1.5699 0.9303, -3.0827 -1.5611 0.9262, -3.1051 -1.5471 0.9196, -3.1238 -1.5284 0.9111, -3.1379 -1.506 0.901, -3.1466 -1.481 0.8901, -1.0748 -3.185 1.8505, -1.0748 -3.185 0.0789, 1.0748 -3.185 1.8505, 1.0748 -3.185 0.0789, 1.0748 -3.5787 1.8505, 1.0748 -3.5787 0.0789, -1.0748 -3.5787 1.8505, -1.0748 -3.5787 0.0789, -7.187 3.2835 0.0789, -7.1971 3.3599 -0.6298, -7.1971 3.3599 0.0789, -7.2266 3.4311 -0.6298, -7.2266 3.4311 0.0789, -7.2735 3.4923 -0.6298, -7.2735 3.4923 0.0789, -7.3346 3.5392 -0.6298, -7.3346 3.5392 0.0789, -7.4059 3.5687 -0.6298, -7.4059 3.5687 0.0789, -7.4823 3.5787 -0.6298, -7.4823 3.5787 0.0789, -7.5587 3.5687 -0.6298, -7.5587 3.5687 0.0789, -7.6299 3.5392 -0.6298, -7.6299 3.5392 0.0789, -7.6911 3.4923 -0.6298, -7.6911 3.4923 0.0789, -7.738 3.4311 -0.6298, -7.738 3.4311 0.0789, -7.7675 3.3599 -0.6298, -7.7675 3.3599 0.0789, -7.7776 3.2835 -0.6298, -7.7776 3.2835 0.0789, -7.7675 3.207 -0.6298, -7.7675 3.207 0.0789, -7.738 3.1358 -0.6298, -7.738 3.1358 0.0789, -7.6911 3.0747 -0.6298, -7.6911 3.0747 0.0789, -7.6299 3.0277 -0.6298, -7.6299 3.0277 0.0789, -7.5587 2.9983 -0.6298, -7.5587 2.9983 0.0789, -7.4823 2.9882 -0.6298, -7.4823 2.9882 0.0789, -7.4059 2.9983 -0.6298, -7.4059 2.9983 0.0789, -7.3346 3.0277 -0.6298, -7.3346 3.0277 0.0789, -7.2735 3.0747 -0.6298, -7.2735 3.0747 0.0789, -7.2266 3.1358 -0.6298, -7.2266 3.1358 0.0789, -7.1971 3.207 -0.6298, -7.1971 3.207 0.0789, -7.187 3.2835 -0.6298, -7.7039 3.1555 -0.6692, -7.7295 3.2172 -0.6692, -7.4823 3.2835 -0.6692, -7.7382 3.2835 -0.6692, -7.7295 3.3497 -0.6692, -7.5485 3.0363 -0.6692, -7.6102 3.0618 -0.6692, -7.6632 3.1025 -0.6692, -7.3543 3.0618 -0.6692, -7.4161 3.0363 -0.6692, -7.4823 3.0276 -0.6692, -7.2351 3.2172 -0.6692, -7.2607 3.1555 -0.6692, -7.3013 3.1025 -0.6692, -7.2607 3.4114 -0.6692, -7.2351 3.3497 -0.6692, -7.2264 3.2835 -0.6692, -7.4161 3.5307 -0.6692, -7.3543 3.5051 -0.6692, -7.3013 3.4644 -0.6692, -7.6102 3.5051 -0.6692, -7.5485 3.5307 -0.6692, -7.4823 3.5394 -0.6692, -7.7039 3.4114 -0.6692, -7.6632 3.4644 -0.6692, -5.3087 -1.8628 1.0876, -4.9774 -1.8628 1.0876, -4.9774 -1.7612 1.0285, -4.8622 -1.7612 1.0285, -4.8622 -1.5712 0.9309, -5.3087 -1.9602 1.1493, -4.9774 -1.5712 0.9309, -4.9774 -1.9602 1.1493, -4.9774 -2.2033 1.3265, -4.9774 -2.2268 1.3457, -4.8622 -2.2268 1.3457, -4.8622 -1.8628 1.0876, -4.5309 -1.8628 1.0876, -4.5309 -1.9602 1.1493, -4.8622 -2.2033 1.3265, 4.529 -1.9361 1.1335, 4.529 -1.8381 1.0728, -4.8622 -1.9602 1.1493, 4.9755 -1.8381 1.0728, 4.9755 -1.9361 1.1335, -4.8622 1.7651 1.0285, -4.9774 1.5751 0.9309, -4.8622 1.5751 0.9309, -4.5309 1.8668 1.0876, -4.8622 1.8668 1.0876, -4.8622 2.2072 1.3265, -4.8622 1.9641 1.1493, -4.5309 1.9641 1.1493, 4.9755 1.8421 1.0728, 4.529 1.8421 1.0728, 4.9755 1.94 1.1335, 4.529 1.94 1.1335, -4.9774 2.2072 1.3265, -4.9774 2.2307 1.3457, -4.8622 2.2307 1.3457, -4.9774 1.7651 1.0285, -4.9774 1.8668 1.0876, -5.3087 1.8668 1.0876, -4.9774 1.9641 1.1493, -5.3087 1.9641 1.1493, -4.8622 1.8647 1.091, -4.8622 1.5734 0.9344, -4.9774 1.5734 0.9344, -4.9774 1.8647 1.091, -5.3087 1.8647 1.091, -5.3087 1.962 1.1525, -5.3087 1.9136 1.1213, -4.9774 1.962 1.1525, -4.9774 2.2282 1.3487, -4.8622 2.2282 1.3487, -4.8622 1.962 1.1525, -4.5309 1.962 1.1525, -4.5309 1.8647 1.091, -4.5309 1.9136 1.1213, 4.529 1.9379 1.1368, 4.529 1.8401 1.0762, 4.9755 1.9379 1.1368, 4.9755 1.8401 1.0762, 4.529 -1.9339 1.1368, 4.529 -1.8361 1.0762, 4.9755 -1.9339 1.1368, 4.9755 -1.8361 1.0762, -4.8622 -1.5695 0.9344, -4.8622 -1.8608 1.091, -4.9774 -1.5695 0.9344, -4.9774 -1.8608 1.091, -5.3087 -1.8608 1.091, -5.3087 -1.9097 1.1213, -5.3087 -1.958 1.1525, -4.9774 -1.958 1.1525, -4.9774 -2.2243 1.3487, -4.8622 -2.2243 1.3487, -4.8622 -1.958 1.1525, -4.5309 -1.958 1.1525, -4.5309 -1.9097 1.1213, -4.5309 -1.8608 1.091
            ]
        }
        coordIndex [
            0,1,2,-1,2,1,3,-1,2,3,4,-1,4,3,5,-1,6,7,8,-1,8,7,9,-1,8,9,10,-1,10,9,11,-1,12,13,0,-1,0,13,1,-1,14,15,16,-1,16,15,17,-1,16,17,18,-1,19,20,21,-1,21,20,22,-1,21,22,23,-1,24,25,26,-1,26,25,27,-1,26,27,28,-1,29,30,31,-1,31,30,32,-1,31,32,33,-1,33,32,34,-1,33,34,35,-1,35,34,36,-1,35,36,37,-1,37,36,38,-1,37,38,39,-1,39,38,40,-1,39,40,41,-1,41,40,42,-1,41,42,43,-1,43,42,44,-1,43,44,45,-1,45,44,46,-1,45,46,47,-1,47,46,48,-1,47,48,49,-1,49,48,50,-1,49,50,51,-1,51,50,52,-1,51,52,53,-1,53,52,54,-1,53,54,55,-1,55,54,56,-1,55,56,57,-1,57,56,58,-1,57,58,59,-1,59,58,60,-1,59,60,61,-1,61,60,62,-1,61,62,63,-1,63,62,64,-1,63,64,65,-1,65,64,66,-1,65,66,67,-1,67,66,68,-1,67,68,69,-1,69,68,70,-1,69,70,71,-1,71,70,72,-1,71,72,73,-1,73,72,74,-1,73,74,75,-1,75,74,76,-1,75,76,29,-1,29,76,30,-1,77,78,79,-1,79,78,80,-1,79,80,81,-1,81,80,82,-1,81,82,83,-1,83,82,84,-1,83,84,85,-1,85,84,86,-1,85,86,87,-1,87,86,88,-1,87,88,89,-1,89,88,90,-1,89,90,91,-1,91,90,92,-1,91,92,93,-1,93,92,94,-1,93,94,95,-1,95,94,96,-1,95,96,97,-1,97,96,98,-1,97,98,99,-1,99,98,100,-1,99,100,101,-1,101,100,102,-1,101,102,103,-1,103,102,104,-1,103,104,105,-1,105,104,106,-1,105,106,107,-1,107,106,108,-1,107,108,109,-1,109,108,110,-1,109,110,111,-1,111,110,112,-1,111,112,113,-1,113,112,114,-1,113,114,115,-1,115,114,116,-1,115,116,117,-1,117,116,118,-1,117,118,119,-1,119,118,120,-1,119,120,121,-1,121,120,122,-1,121,122,123,-1,123,122,124,-1,123,124,77,-1,77,124,78,-1,125,126,127,-1,127,126,128,-1,129,130,131,-1,131,130,132,-1,131,132,133,-1,133,132,134,-1,133,134,135,-1,135,134,136,-1,137,138,139,-1,139,138,140,-1,139,140,141,-1,141,140,142,-1,141,142,143,-1,143,142,144,-1,145,146,129,-1,129,146,130,-1,143,144,147,-1,147,144,148,-1,147,148,145,-1,145,148,146,-1,132,130,149,-1,149,130,146,-1,149,146,150,-1,144,142,151,-1,144,151,148,-1,148,151,152,-1,148,152,146,-1,146,152,153,-1,146,153,150,-1,154,155,156,-1,156,155,157,-1,157,140,156,-1,156,140,138,-1,156,138,158,-1,159,160,161,-1,134,126,136,-1,136,126,125,-1,161,162,159,-1,159,162,17,-1,159,17,163,-1,163,17,15,-1,163,15,164,-1,163,165,138,-1,138,165,166,-1,138,166,158,-1,164,167,163,-1,163,167,168,-1,163,168,165,-1,125,169,136,-1,136,169,170,-1,136,170,159,-1,159,170,171,-1,159,171,160,-1,172,173,174,-1,174,173,175,-1,176,177,178,-1,178,177,179,-1,178,179,172,-1,172,179,173,-1,174,175,9,-1,9,175,180,-1,9,180,11,-1,11,180,181,-1,11,181,182,-1,182,181,183,-1,13,184,1,-1,1,184,185,-1,1,185,3,-1,3,185,186,-1,3,186,176,-1,176,186,177,-1,180,175,187,-1,187,175,173,-1,186,188,177,-1,177,188,179,-1,188,189,179,-1,179,189,190,-1,179,190,173,-1,173,190,191,-1,173,191,187,-1,187,191,151,-1,151,191,192,-1,151,192,152,-1,128,185,127,-1,127,185,184,-1,127,184,193,-1,194,195,196,-1,181,155,183,-1,183,155,154,-1,197,198,184,-1,184,198,199,-1,184,199,193,-1,200,201,197,-1,197,201,202,-1,197,202,198,-1,196,203,194,-1,194,203,204,-1,194,204,197,-1,197,204,205,-1,197,205,200,-1,154,206,183,-1,183,206,207,-1,183,207,194,-1,194,207,208,-1,194,208,195,-1,181,180,155,-1,155,180,187,-1,155,187,157,-1,157,187,151,-1,157,151,140,-1,140,151,142,-1,126,134,132,-1,188,186,185,-1,185,128,188,-1,188,128,126,-1,188,126,149,-1,149,126,132,-1,209,182,210,-1,210,182,183,-1,210,183,211,-1,211,183,194,-1,212,197,213,-1,213,197,184,-1,213,184,12,-1,12,184,13,-1,214,211,194,-1,212,215,197,-1,197,215,216,-1,197,216,194,-1,194,216,217,-1,194,217,214,-1,172,174,9,-1,3,176,5,-1,5,176,178,-1,5,178,218,-1,218,178,172,-1,218,172,7,-1,7,172,9,-1,10,11,209,-1,209,11,182,-1,219,139,220,-1,220,139,141,-1,220,141,221,-1,221,141,222,-1,223,224,225,-1,225,224,131,-1,225,131,226,-1,226,131,133,-1,145,129,131,-1,141,143,222,-1,222,143,147,-1,222,147,227,-1,227,147,145,-1,227,145,224,-1,224,145,131,-1,204,228,205,-1,205,228,229,-1,205,229,230,-1,26,21,102,-1,102,21,104,-1,102,100,26,-1,26,100,98,-1,26,98,231,-1,231,98,96,-1,231,96,232,-1,232,96,94,-1,232,94,233,-1,233,94,92,-1,233,92,234,-1,234,92,90,-1,234,90,235,-1,235,90,88,-1,235,88,236,-1,236,88,86,-1,236,86,237,-1,237,86,84,-1,237,84,238,-1,238,84,82,-1,238,82,239,-1,239,82,80,-1,239,80,240,-1,240,80,78,-1,240,78,241,-1,241,78,124,-1,241,124,242,-1,242,124,122,-1,242,122,243,-1,243,122,120,-1,243,120,244,-1,244,120,118,-1,244,118,245,-1,245,118,116,-1,245,116,246,-1,246,116,114,-1,246,114,247,-1,247,114,112,-1,247,112,248,-1,248,112,110,-1,248,110,249,-1,249,110,108,-1,249,108,21,-1,21,108,106,-1,21,106,104,-1,228,250,239,-1,24,26,251,-1,251,26,231,-1,251,231,252,-1,252,231,253,-1,253,231,232,-1,253,232,254,-1,254,232,255,-1,255,232,233,-1,255,233,256,-1,256,233,257,-1,257,233,234,-1,257,234,258,-1,258,234,259,-1,259,234,235,-1,259,235,260,-1,260,235,261,-1,261,235,236,-1,261,236,262,-1,262,236,263,-1,263,236,237,-1,263,237,264,-1,239,250,238,-1,250,265,238,-1,238,265,266,-1,238,266,237,-1,237,266,267,-1,237,267,264,-1,228,239,229,-1,229,239,240,-1,229,240,230,-1,230,240,241,-1,230,241,268,-1,268,241,269,-1,269,241,242,-1,269,242,270,-1,270,242,271,-1,271,242,243,-1,271,243,272,-1,272,243,273,-1,273,243,244,-1,273,244,274,-1,274,244,275,-1,275,244,245,-1,275,245,276,-1,276,245,277,-1,277,245,246,-1,277,246,278,-1,278,246,279,-1,279,246,247,-1,279,247,280,-1,280,247,281,-1,281,247,248,-1,281,248,282,-1,282,248,283,-1,283,248,249,-1,283,249,284,-1,21,23,249,-1,249,23,285,-1,249,285,284,-1,18,286,287,-1,288,289,290,-1,290,289,291,-1,290,291,292,-1,292,291,293,-1,293,291,294,-1,293,294,295,-1,295,294,296,-1,296,294,297,-1,296,297,298,-1,298,297,299,-1,299,297,300,-1,299,300,301,-1,301,300,302,-1,302,300,303,-1,302,303,304,-1,304,303,305,-1,305,303,306,-1,305,306,307,-1,307,306,308,-1,308,306,309,-1,308,309,310,-1,287,286,311,-1,286,312,311,-1,311,312,313,-1,311,313,309,-1,309,313,314,-1,309,314,310,-1,18,287,16,-1,16,287,315,-1,16,315,14,-1,14,315,316,-1,14,316,317,-1,317,316,318,-1,318,316,319,-1,318,319,320,-1,320,319,321,-1,321,319,322,-1,321,322,323,-1,323,322,324,-1,324,322,325,-1,324,325,326,-1,326,325,327,-1,327,325,328,-1,327,328,329,-1,329,328,330,-1,330,328,331,-1,330,331,332,-1,332,331,333,-1,333,331,334,-1,333,334,335,-1,335,334,336,-1,336,334,337,-1,336,337,338,-1,338,337,339,-1,339,337,340,-1,339,340,341,-1,342,343,340,-1,340,343,344,-1,340,344,341,-1,289,342,30,-1,30,342,32,-1,30,76,289,-1,289,76,74,-1,289,74,291,-1,291,74,72,-1,291,72,294,-1,294,72,70,-1,294,70,297,-1,297,70,68,-1,297,68,300,-1,300,68,66,-1,300,66,303,-1,303,66,64,-1,303,64,306,-1,306,64,62,-1,306,62,309,-1,309,62,60,-1,309,60,311,-1,311,60,58,-1,311,58,287,-1,287,58,56,-1,287,56,315,-1,315,56,54,-1,315,54,316,-1,316,54,52,-1,316,52,319,-1,319,52,50,-1,319,50,322,-1,322,50,48,-1,322,48,325,-1,325,48,46,-1,325,46,328,-1,328,46,44,-1,328,44,331,-1,331,44,42,-1,331,42,334,-1,334,42,40,-1,334,40,337,-1,337,40,38,-1,337,38,340,-1,340,38,36,-1,340,36,342,-1,342,36,34,-1,342,34,32,-1,28,19,26,-1,26,19,21,-1,288,345,289,-1,289,345,346,-1,289,346,347,-1,347,348,289,-1,289,348,342,-1,348,349,342,-1,342,349,350,-1,342,350,343,-1,351,352,353,-1,349,348,347,-1,347,346,349,-1,349,346,352,-1,349,352,354,-1,355,356,346,-1,346,356,20,-1,346,20,352,-1,357,358,359,-1,19,28,20,-1,20,28,27,-1,20,27,352,-1,352,27,360,-1,352,360,353,-1,361,362,363,-1,364,365,366,-1,367,368,354,-1,354,368,369,-1,354,369,349,-1,370,371,372,-1,373,374,375,-1,375,374,356,-1,375,356,358,-1,358,356,355,-1,358,355,359,-1,376,377,378,-1,378,377,368,-1,378,368,379,-1,379,368,367,-1,361,363,359,-1,359,363,380,-1,359,380,357,-1,370,372,375,-1,375,372,381,-1,375,381,373,-1,364,366,353,-1,353,366,382,-1,353,382,351,-1,383,350,349,-1,383,349,384,-1,384,349,369,-1,384,369,385,-1,27,25,386,-1,27,386,360,-1,360,386,387,-1,360,387,388,-1,389,354,390,-1,390,354,352,-1,385,369,368,-1,385,368,391,-1,391,368,377,-1,391,377,392,-1,392,377,376,-1,392,376,393,-1,393,376,378,-1,393,378,394,-1,394,378,379,-1,394,379,395,-1,395,379,367,-1,395,367,396,-1,396,367,354,-1,396,354,389,-1,390,352,351,-1,390,351,397,-1,397,351,382,-1,397,382,398,-1,398,382,366,-1,398,366,399,-1,399,366,365,-1,399,365,400,-1,400,365,364,-1,400,364,401,-1,401,364,353,-1,401,353,402,-1,402,353,360,-1,402,360,388,-1,403,22,20,-1,403,20,404,-1,404,20,356,-1,404,356,405,-1,346,345,406,-1,346,406,355,-1,355,406,407,-1,355,407,408,-1,405,356,374,-1,405,374,409,-1,409,374,373,-1,409,373,410,-1,410,373,381,-1,410,381,411,-1,411,381,372,-1,411,372,412,-1,412,372,371,-1,412,371,413,-1,413,371,370,-1,413,370,414,-1,414,370,375,-1,414,375,415,-1,415,375,416,-1,416,375,358,-1,416,358,357,-1,416,357,417,-1,417,357,380,-1,417,380,418,-1,418,380,363,-1,418,363,419,-1,419,363,362,-1,419,362,420,-1,420,362,361,-1,420,361,421,-1,421,361,359,-1,421,359,422,-1,422,359,355,-1,422,355,408,-1,423,424,425,-1,425,424,426,-1,425,426,427,-1,427,426,428,-1,429,430,423,-1,423,430,424,-1,423,425,429,-1,429,425,427,-1,431,432,433,-1,433,432,434,-1,433,434,435,-1,435,434,436,-1,435,436,437,-1,437,436,438,-1,437,438,439,-1,439,438,440,-1,439,440,441,-1,441,440,442,-1,441,442,443,-1,443,442,444,-1,443,444,445,-1,445,444,446,-1,445,446,447,-1,447,446,448,-1,447,448,449,-1,449,448,450,-1,449,450,451,-1,451,450,452,-1,451,452,453,-1,453,452,454,-1,453,454,455,-1,455,454,456,-1,455,456,457,-1,457,456,458,-1,457,458,459,-1,459,458,460,-1,459,460,461,-1,461,460,462,-1,461,462,463,-1,463,462,464,-1,463,464,465,-1,465,464,466,-1,465,466,467,-1,467,466,468,-1,467,468,469,-1,469,468,470,-1,469,470,471,-1,471,470,472,-1,471,472,473,-1,473,472,474,-1,473,474,475,-1,475,474,476,-1,475,476,477,-1,477,476,478,-1,477,478,431,-1,431,478,432,-1,479,480,481,-1,481,480,482,-1,481,482,483,-1,484,485,481,-1,481,485,486,-1,481,486,479,-1,487,488,481,-1,481,488,489,-1,481,489,484,-1,490,491,481,-1,481,491,492,-1,481,492,487,-1,493,494,481,-1,481,494,495,-1,481,495,490,-1,496,497,481,-1,481,497,498,-1,481,498,493,-1,499,500,481,-1,481,500,501,-1,481,501,496,-1,483,502,481,-1,481,502,503,-1,481,503,499,-1,478,494,432,-1,432,494,493,-1,432,493,434,-1,434,493,498,-1,434,498,436,-1,436,498,497,-1,436,497,438,-1,438,497,496,-1,438,496,440,-1,440,496,501,-1,440,501,442,-1,442,501,500,-1,442,500,444,-1,444,500,499,-1,444,499,446,-1,446,499,503,-1,446,503,448,-1,448,503,502,-1,448,502,450,-1,450,502,483,-1,450,483,452,-1,452,483,482,-1,452,482,454,-1,454,482,480,-1,454,480,456,-1,456,480,479,-1,456,479,458,-1,458,479,486,-1,458,486,460,-1,460,486,485,-1,460,485,462,-1,462,485,484,-1,462,484,464,-1,464,484,489,-1,464,489,466,-1,466,489,488,-1,466,488,468,-1,468,488,487,-1,468,487,470,-1,470,487,492,-1,470,492,472,-1,472,492,491,-1,472,491,474,-1,474,491,490,-1,474,490,476,-1,476,490,495,-1,476,495,478,-1,478,495,494,-1,504,505,506,-1,314,313,162,-1,314,162,310,-1,18,17,286,-1,286,17,162,-1,286,162,312,-1,312,162,313,-1,296,298,407,-1,298,299,407,-1,407,299,301,-1,407,301,161,-1,161,301,302,-1,161,302,304,-1,304,305,161,-1,161,305,307,-1,161,307,162,-1,162,307,308,-1,162,308,310,-1,345,288,406,-1,406,288,290,-1,290,292,406,-1,406,292,293,-1,406,293,407,-1,407,293,295,-1,407,295,296,-1,409,410,202,-1,202,410,411,-1,202,411,412,-1,201,404,202,-1,202,404,405,-1,202,405,409,-1,412,413,202,-1,202,413,414,-1,202,414,415,-1,417,507,416,-1,416,507,415,-1,417,418,507,-1,507,418,419,-1,507,419,420,-1,420,421,507,-1,507,421,422,-1,507,422,508,-1,275,276,201,-1,276,277,201,-1,201,277,278,-1,201,278,404,-1,404,278,279,-1,404,279,280,-1,283,403,282,-1,282,403,404,-1,282,404,281,-1,281,404,280,-1,23,22,285,-1,285,22,403,-1,285,403,284,-1,284,403,283,-1,230,268,205,-1,205,268,200,-1,268,269,200,-1,200,269,270,-1,200,270,271,-1,271,272,200,-1,200,272,273,-1,200,273,201,-1,201,273,274,-1,201,274,275,-1,160,171,509,-1,509,504,160,-1,160,504,506,-1,160,506,161,-1,161,506,510,-1,161,510,407,-1,407,510,508,-1,407,508,408,-1,408,508,422,-1,511,509,512,-1,512,509,171,-1,512,171,513,-1,513,171,170,-1,513,170,514,-1,507,515,516,-1,415,507,202,-1,202,507,516,-1,202,516,517,-1,199,198,518,-1,518,198,519,-1,518,519,520,-1,521,518,517,-1,517,518,520,-1,517,520,202,-1,202,520,522,-1,202,522,198,-1,198,522,523,-1,198,523,519,-1,125,127,169,-1,169,127,193,-1,169,193,170,-1,170,193,199,-1,170,199,514,-1,514,199,518,-1,267,266,203,-1,267,203,264,-1,228,204,250,-1,250,204,203,-1,250,203,265,-1,265,203,266,-1,256,257,387,-1,256,387,255,-1,258,259,196,-1,196,259,260,-1,260,261,196,-1,196,261,262,-1,196,262,203,-1,203,262,263,-1,203,263,264,-1,25,24,386,-1,386,24,251,-1,251,252,386,-1,386,252,253,-1,386,253,387,-1,387,253,254,-1,387,254,255,-1,395,396,524,-1,392,393,524,-1,524,393,394,-1,524,394,395,-1,195,389,390,-1,390,397,195,-1,195,397,398,-1,195,398,196,-1,196,398,399,-1,399,400,196,-1,196,400,401,-1,196,401,402,-1,257,258,387,-1,387,258,196,-1,387,196,388,-1,388,196,402,-1,168,167,525,-1,525,167,384,-1,525,384,526,-1,526,384,385,-1,526,385,524,-1,524,385,391,-1,524,391,392,-1,327,329,167,-1,329,330,167,-1,167,330,332,-1,167,332,384,-1,384,332,333,-1,384,333,335,-1,339,383,338,-1,338,383,384,-1,338,384,336,-1,336,384,335,-1,343,350,344,-1,344,350,383,-1,344,383,341,-1,341,383,339,-1,14,317,15,-1,15,317,164,-1,317,318,164,-1,164,318,320,-1,164,320,321,-1,321,323,164,-1,164,323,324,-1,164,324,167,-1,167,324,326,-1,167,326,327,-1,527,528,524,-1,529,530,531,-1,195,532,533,-1,532,195,534,-1,534,195,208,-1,534,208,535,-1,165,536,166,-1,166,536,537,-1,166,537,538,-1,539,540,541,-1,542,536,543,-1,543,536,165,-1,543,165,541,-1,541,165,168,-1,541,168,539,-1,539,168,525,-1,154,156,206,-1,206,156,158,-1,206,158,207,-1,396,389,524,-1,524,389,195,-1,524,195,527,-1,527,195,533,-1,527,533,531,-1,531,533,535,-1,531,535,529,-1,529,535,208,-1,529,208,538,-1,538,208,207,-1,538,207,166,-1,166,207,158,-1,528,544,524,-1,524,544,545,-1,524,545,526,-1,546,525,545,-1,545,525,526,-1,525,546,539,-1,539,546,547,-1,539,547,540,-1,548,541,547,-1,547,541,540,-1,549,543,550,-1,550,543,541,-1,550,541,548,-1,551,542,549,-1,549,542,543,-1,542,551,536,-1,536,551,552,-1,536,552,537,-1,553,538,552,-1,552,538,537,-1,538,553,529,-1,529,553,554,-1,529,554,530,-1,555,531,554,-1,554,531,530,-1,556,527,557,-1,557,527,531,-1,557,531,555,-1,528,527,544,-1,544,527,556,-1,551,549,550,-1,544,556,557,-1,550,548,547,-1,547,546,545,-1,557,555,554,-1,554,553,552,-1,552,551,554,-1,554,551,550,-1,554,550,557,-1,557,550,547,-1,557,547,544,-1,544,547,545,-1,558,535,559,-1,559,535,533,-1,560,534,558,-1,558,534,535,-1,561,532,560,-1,560,532,534,-1,533,532,559,-1,559,532,561,-1,560,558,561,-1,561,558,559,-1,519,562,520,-1,520,562,563,-1,523,564,519,-1,519,564,562,-1,522,565,523,-1,523,565,564,-1,522,520,565,-1,565,520,563,-1,565,563,564,-1,564,563,562,-1,508,566,507,-1,507,566,567,-1,507,567,515,-1,510,568,508,-1,508,568,566,-1,505,569,506,-1,506,569,568,-1,506,568,510,-1,504,570,505,-1,505,570,569,-1,570,504,571,-1,571,504,509,-1,571,509,572,-1,511,573,509,-1,509,573,572,-1,513,574,512,-1,512,574,573,-1,512,573,511,-1,514,575,513,-1,513,575,574,-1,521,576,518,-1,518,576,575,-1,518,575,514,-1,517,577,521,-1,521,577,576,-1,577,517,578,-1,578,517,516,-1,578,516,579,-1,516,515,579,-1,579,515,567,-1,569,570,571,-1,576,577,578,-1,571,572,573,-1,573,574,575,-1,578,579,567,-1,567,566,568,-1,568,569,567,-1,567,569,571,-1,567,571,578,-1,578,571,573,-1,578,573,576,-1,576,573,575,-1,
        ]
    }
}
Shape{
    appearance Appearance {
        material  Material 	{
            diffuseColor 0.7529411764705882 0.7529411764705882 0.7529411764705882
            specularColor 0.3764705882352941 0.3764705882352941 0.3764705882352941
            ambientIntensity 0.7529
            transparency 0.0
            shininess 0.5
        }
    }
    geometry IndexedFaceSet {
        ccw TRUE
        solid FALSE
        coord DEF co Coordinate {
            point [
                7.3504 0.9862 2.0474, 7.3504 0.8878 2.0474, 7.3504 0.8878 4.882, 7.3504 -0.8839 2.0474, 7.3504 -0.9823 2.0474, 7.3504 -0.8839 4.882, 7.3504 -0.9823 5.2757, 7.3504 0.9862 5.2757, 7.3514 -0.9823 5.2757, 7.3514 -1.9665 5.2757, 7.4685 -1.9665 5.2757, 7.4685 1.9705 5.2757, 7.3514 1.9705 5.2757, 7.3514 0.9862 5.2757, 7.3504 1.9705 0.0395, 7.3504 1.9705 0.0789, 7.4685 1.9705 0.0395, 7.4685 1.9705 0.0789, 7.4685 -1.9665 0.0789, 7.3504 -1.9665 0.0789, 7.4685 -1.9665 0.0395, 7.3504 -1.9665 0.0395, 7.4685 -0.0768 -1.8898, 7.4685 0.0807 -1.8898, 7.4685 -0.1949 -1.7716, 7.4685 0.1988 -1.7716, 7.4685 0.1988 -1.4709, 7.4685 0.002 -1.4709, 7.4685 -0.1949 -1.4709, 7.4685 0.1642 -1.8552, 7.4685 0.183 -1.8307, 7.4685 0.1398 -1.8739, 7.4685 0.1948 -1.8022, 7.4685 0.1113 -1.8857, 7.4685 -0.1073 -1.8857, 7.4685 -0.1909 -1.8022, 7.4685 -0.1358 -1.8739, 7.4685 -0.1791 -1.8307, 7.4685 -0.1603 -1.8552, 7.3504 -0.628 0.0395, 7.4685 -0.628 0.0395, 7.4685 -0.628 -0.3148, 7.3504 -0.628 -0.3148, 7.3504 0.6319 -0.3148, 7.3504 0.6319 0.0395, 7.4685 0.6319 -0.3148, 7.4685 0.6319 0.0395, 7.3504 0.1988 -0.3148, 7.4685 0.1988 -0.3148, 7.3504 0.1988 -0.5929, 7.4685 0.1988 -0.5929, 7.3504 0.1988 -1.7716, 7.3504 0.1988 -1.4709, 7.6183 0.1988 -1.1157, 7.4812 0.1988 -1.4132, 7.4717 0.1988 -1.4413, 7.4685 0.1988 -1.1585, 7.511 0.1988 -1.0662, 7.6368 0.1988 -1.0589, 7.521 0.1988 -1.0357, 7.6416 0.1988 -0.9993, 7.5236 0.1988 -1.0036, 7.6325 0.1988 -0.9403, 7.5187 0.1988 -0.9718, 7.61 0.1988 -0.885, 7.4729 0.1988 -0.6272, 7.4856 0.1988 -0.6594, 7.4685 0.1988 -0.873, 7.5066 0.1988 -0.942, 7.3504 -0.1949 -0.3148, 7.4685 -0.1949 -0.3148, 7.4685 -0.1949 -0.5929, 7.3504 -0.1949 -0.5929, 7.3504 -0.1949 -1.7716, 7.3504 -0.1949 -1.4709, 7.2006 -0.1949 -1.1157, 7.3377 -0.1949 -1.4132, 7.3472 -0.1949 -1.4413, 7.3504 -0.1949 -1.1585, 7.3079 -0.1949 -1.0662, 7.1821 -0.1949 -1.0589, 7.2979 -0.1949 -1.0357, 7.1773 -0.1949 -0.9993, 7.2953 -0.1949 -1.0036, 7.1864 -0.1949 -0.9403, 7.3002 -0.1949 -0.9718, 7.2089 -0.1949 -0.885, 7.346 -0.1949 -0.6272, 7.3333 -0.1949 -0.6594, 7.3504 -0.1949 -0.873, 7.3123 -0.1949 -0.942, 7.3504 0.8878 1.7324, 7.3504 0.6319 1.7324, 7.3504 0.6319 2.0474, 7.4685 0.6319 1.7324, 7.4685 0.8878 1.7324, 7.4685 -0.8839 4.882, 7.4685 -0.8839 1.7324, 7.3504 -0.8839 1.7324, 7.4685 0.8878 4.882, 7.3504 -0.628 2.0474, 7.3499 0.6319 2.0505, 7.3499 -0.628 2.0505, 7.3485 0.6319 2.0546, 7.3485 -0.628 2.0546, 7.3463 0.6319 2.0583, 7.3463 -0.628 2.0583, 7.3433 0.6319 2.0614, 7.3433 -0.628 2.0614, 7.3397 0.6319 2.0637, 7.3397 -0.628 2.0637, 7.3368 0.6319 2.065, 7.3368 -0.628 2.065, 7.4685 0.6319 2.0462, 7.4642 0.6319 2.0805, 7.4515 0.6319 2.1126, 7.4312 0.6319 2.1405, 7.391 0.6319 4.8087, 7.4279 0.6319 4.6965, 5.6596 0.6319 4.2407, 5.6965 0.6319 4.1285, 5.6285 0.6319 4.226, 5.692 0.6319 4.1264, 5.602 0.6319 4.2039, 5.6882 0.6319 4.1232, 5.5818 0.6319 4.176, 5.6853 0.6319 4.1193, 5.5691 0.6319 4.144, 5.6835 0.6319 4.1147, 5.5648 0.6319 4.1098, 5.6829 0.6319 4.1098, 5.5648 0.6319 2.7424, 5.6829 0.6319 2.7424, 5.5691 0.6319 2.7082, 5.6835 0.6319 2.7375, 5.5818 0.6319 2.6761, 5.6853 0.6319 2.7329, 5.6021 0.6319 2.6482, 5.6882 0.6319 2.729, 5.6287 0.6319 2.6261, 5.692 0.6319 2.7258, 5.6599 0.6319 2.6114, 5.6965 0.6319 2.7237, 7.3734 0.6319 2.1773, 7.4046 0.6319 2.1625, 7.3504 -0.628 1.7324, 7.4685 -0.628 1.7324, 7.4685 -0.628 2.0462, 7.4642 -0.628 2.0805, 7.4515 -0.628 2.1126, 7.4312 -0.628 2.1405, 7.4279 -0.628 4.6965, 7.391 -0.628 4.8087, 5.6965 -0.628 4.1285, 5.6596 -0.628 4.2407, 5.692 -0.628 4.1264, 5.6285 -0.628 4.226, 5.6882 -0.628 4.1232, 5.602 -0.628 4.2039, 5.6853 -0.628 4.1193, 5.5818 -0.628 4.176, 5.6835 -0.628 4.1147, 5.5691 -0.628 4.144, 5.6829 -0.628 4.1098, 5.5648 -0.628 4.1098, 5.6829 -0.628 2.7424, 5.5648 -0.628 2.7424, 5.6835 -0.628 2.7375, 5.5691 -0.628 2.7082, 5.6853 -0.628 2.7329, 5.5818 -0.628 2.6761, 5.6882 -0.628 2.729, 5.6021 -0.628 2.6482, 5.692 -0.628 2.7258, 5.6287 -0.628 2.6261, 5.6965 -0.628 2.7237, 5.6599 -0.628 2.6114, 7.3734 -0.628 2.1773, 7.4046 -0.628 2.1625, 7.3504 -0.0768 -1.8898, 7.3504 0.0807 -1.8898, 7.6183 0.002 -1.1157, 7.6368 0.002 -1.0589, 7.521 0.002 -1.0357, 7.5236 0.002 -1.0036, 7.6416 0.002 -0.9993, 7.5187 0.002 -0.9718, 7.6325 0.002 -0.9403, 7.5066 0.002 -0.942, 7.61 0.002 -0.885, 7.4685 0.002 -0.873, 7.4856 0.002 -0.6594, 7.4094 0.002 -0.7329, 7.4729 0.002 -0.6272, 7.4685 0.002 -0.5929, 7.4717 0.002 -1.4413, 7.4094 0.002 -1.3147, 7.4812 0.002 -1.4132, 7.4685 0.002 -1.1585, 7.511 0.002 -1.0662, 7.3504 0.002 -1.1585, 7.3079 0.002 -1.0662, 7.2979 0.002 -1.0357, 7.2953 0.002 -1.0036, 7.3002 0.002 -0.9718, 7.3123 0.002 -0.942, 7.3504 0.002 -0.873, 7.3504 0.002 -0.5929, 7.346 0.002 -0.6272, 7.3333 0.002 -0.6594, 7.2089 0.002 -0.885, 7.1864 0.002 -0.9403, 7.1773 0.002 -0.9993, 7.1821 0.002 -1.0589, 7.2006 0.002 -1.1157, 7.3377 0.002 -1.4132, 7.3472 0.002 -1.4413, 7.3504 0.002 -1.4709, 7.3504 -0.1073 -1.8857, 7.3504 -0.1358 -1.8739, 7.3504 -0.1603 -1.8552, 7.3504 -0.1791 -1.8307, 7.3504 -0.1909 -1.8022, 7.3504 0.1113 -1.8857, 7.3504 0.1398 -1.8739, 7.3504 0.1642 -1.8552, 7.3504 0.183 -1.8307, 7.3504 0.1948 -1.8022, -7.3514 0.9862 5.2757, -7.3514 1.9705 5.2757, -7.4685 1.9705 5.2757, -7.4685 -1.9665 5.2757, -7.3514 -1.9665 5.2757, -7.3514 -0.9823 5.2757, -7.3504 -0.9823 5.2757, -7.3504 0.9862 5.2757, -7.3504 -0.628 0.0395, -7.3504 -1.9665 0.0395, -7.4685 -0.628 0.0395, -7.4685 -1.9665 0.0395, -7.3504 1.9705 0.0395, -7.3504 0.6319 0.0395, -7.4685 1.9705 0.0395, -7.4685 0.6319 0.0395, -7.3504 0.6319 -0.3148, -7.3504 0.1988 -0.3148, -7.4685 0.6319 -0.3148, -7.4685 0.1988 -0.3148, -7.3504 -0.1949 -0.3148, -7.3504 -0.628 -0.3148, -7.4685 -0.1949 -0.3148, -7.4685 -0.628 -0.3148, -7.3504 0.8878 1.7324, -7.4685 0.8878 1.7324, -7.3504 0.6319 1.7324, -7.4685 0.6319 1.7324, -7.3504 0.8878 4.882, -7.4685 0.8878 4.882, -7.3504 0.8878 2.0474, -7.3504 -0.8839 4.882, -7.4685 -0.8839 4.882, -7.4685 -0.8839 1.7324, -7.3504 -0.8839 2.0474, -7.3504 -0.8839 1.7324, -7.3504 0.6319 2.0474, -5.6596 0.6319 4.2407, -7.391 0.6319 4.8087, -5.6596 -0.628 4.2407, -7.391 -0.628 4.8087, -5.6285 -0.628 4.226, -5.6285 0.6319 4.226, -5.602 -0.628 4.2039, -5.602 0.6319 4.2039, -5.5818 -0.628 4.176, -5.5818 0.6319 4.176, -5.5691 -0.628 4.144, -5.5691 0.6319 4.144, -5.5648 -0.628 4.1098, -5.5648 0.6319 4.1098, -5.5648 0.6319 2.7424, -5.5648 -0.628 2.7424, -5.5691 -0.628 2.7082, -5.5691 0.6319 2.7082, -5.5818 -0.628 2.6761, -5.5818 0.6319 2.6761, -5.6021 -0.628 2.6482, -5.6021 0.6319 2.6482, -5.6287 -0.628 2.6261, -5.6287 0.6319 2.6261, -5.6599 -0.628 2.6114, -5.6599 0.6319 2.6114, -7.3368 0.6319 2.065, -7.3368 -0.628 2.065, -7.3397 0.6319 2.0637, -7.3397 -0.628 2.0637, -7.3433 0.6319 2.0614, -7.3433 -0.628 2.0614, -7.3463 0.6319 2.0583, -7.3463 -0.628 2.0583, -7.3485 0.6319 2.0546, -7.3485 -0.628 2.0546, -7.3499 0.6319 2.0505, -7.3499 -0.628 2.0505, -7.3504 -0.628 2.0474, -7.4685 0.6319 2.0462, -7.4685 -0.628 2.0462, -7.4642 -0.628 2.0805, -7.4642 0.6319 2.0805, -7.4515 -0.628 2.1126, -7.4515 0.6319 2.1126, -7.4312 -0.628 2.1405, -7.4312 0.6319 2.1405, -7.4046 -0.628 2.1625, -7.4046 0.6319 2.1625, -7.3734 -0.628 2.1773, -7.3734 0.6319 2.1773, -5.6965 0.6319 2.7237, -5.6965 -0.628 2.7237, -5.692 0.6319 2.7258, -5.692 -0.628 2.7258, -5.6882 0.6319 2.729, -5.6882 -0.628 2.729, -5.6853 0.6319 2.7329, -5.6853 -0.628 2.7329, -5.6835 0.6319 2.7375, -5.6835 -0.628 2.7375, -5.6829 0.6319 2.7424, -5.6829 -0.628 2.7424, -5.6829 0.6319 4.1098, -5.6829 -0.628 4.1098, -5.6835 0.6319 4.1147, -5.6835 -0.628 4.1147, -5.6853 0.6319 4.1193, -5.6853 -0.628 4.1193, -5.6882 0.6319 4.1232, -5.6882 -0.628 4.1232, -5.692 0.6319 4.1264, -5.692 -0.628 4.1264, -5.6965 0.6319 4.1285, -5.6965 -0.628 4.1285, -7.4279 0.6319 4.6965, -7.4279 -0.628 4.6965, -7.4685 -0.628 1.7324, -7.3504 -0.628 1.7324, -7.4685 -0.0768 -1.8898, -7.4685 0.0807 -1.8898, -7.3504 -0.0768 -1.8898, -7.3504 0.0807 -1.8898, -7.4685 0.1988 -1.4709, -7.4685 0.002 -1.4709, -7.4717 0.1988 -1.4413, -7.4717 0.002 -1.4413, -7.4812 0.1988 -1.4132, -7.4812 0.002 -1.4132, -7.6183 0.1988 -1.1157, -7.6183 0.002 -1.1157, -7.6368 0.002 -1.0589, -7.6368 0.1988 -1.0589, -7.6416 0.002 -0.9993, -7.6416 0.1988 -0.9993, -7.6325 0.002 -0.9403, -7.6325 0.1988 -0.9403, -7.61 0.002 -0.885, -7.61 0.1988 -0.885, -7.4856 0.1988 -0.6594, -7.4856 0.002 -0.6594, -7.4729 0.1988 -0.6272, -7.4729 0.002 -0.6272, -7.4685 0.1988 -0.5929, -7.4685 0.002 -0.5929, -7.5066 0.002 -0.942, -7.5066 0.1988 -0.942, -7.4685 0.002 -0.873, -7.4685 0.1988 -0.873, -7.5187 0.1988 -0.9718, -7.5187 0.002 -0.9718, -7.5236 0.1988 -1.0036, -7.5236 0.002 -1.0036, -7.521 0.1988 -1.0357, -7.521 0.002 -1.0357, -7.511 0.1988 -1.0662, -7.511 0.002 -1.0662, -7.4685 0.1988 -1.1585, -7.4685 0.002 -1.1585, -7.4094 0.002 -1.3147, -7.4094 0.002 -0.7329, -7.2006 0.002 -1.1157, -7.3377 0.002 -1.4132, -7.3472 0.002 -1.4413, -7.3504 0.002 -1.4709, -7.3504 0.002 -1.1585, -7.3079 0.002 -1.0662, -7.1821 0.002 -1.0589, -7.2979 0.002 -1.0357, -7.1773 0.002 -0.9993, -7.2953 0.002 -1.0036, -7.1864 0.002 -0.9403, -7.3002 0.002 -0.9718, -7.2089 0.002 -0.885, -7.3504 0.002 -0.5929, -7.346 0.002 -0.6272, -7.3333 0.002 -0.6594, -7.3504 0.002 -0.873, -7.3123 0.002 -0.942, -7.3504 -0.1949 -0.873, -7.3123 -0.1949 -0.942, -7.3504 -0.1949 -1.1585, -7.3079 -0.1949 -1.0662, -7.3504 -0.1949 -1.4709, -7.3472 -0.1949 -1.4413, -7.3377 -0.1949 -1.4132, -7.2006 -0.1949 -1.1157, -7.1821 -0.1949 -1.0589, -7.1773 -0.1949 -0.9993, -7.1864 -0.1949 -0.9403, -7.2089 -0.1949 -0.885, -7.3333 -0.1949 -0.6594, -7.346 -0.1949 -0.6272, -7.3504 -0.1949 -0.5929, -7.3002 -0.1949 -0.9718, -7.2953 -0.1949 -1.0036, -7.2979 -0.1949 -1.0357, -7.4685 -0.1949 -1.4709, -7.3504 0.1988 -1.4709, -7.3504 0.1988 -0.5929, -7.4685 -0.1949 -0.5929, -7.3504 -0.1949 -1.7716, -7.4685 -0.1949 -1.7716, -7.4685 -0.1909 -1.8022, -7.3504 -0.1909 -1.8022, -7.4685 -0.1791 -1.8307, -7.3504 -0.1791 -1.8307, -7.4685 -0.1603 -1.8552, -7.3504 -0.1603 -1.8552, -7.4685 -0.1358 -1.8739, -7.3504 -0.1358 -1.8739, -7.4685 -0.1073 -1.8857, -7.3504 -0.1073 -1.8857, -7.4685 0.1988 -1.7716, -7.3504 0.1988 -1.7716, -7.3504 0.1948 -1.8022, -7.4685 0.1948 -1.8022, -7.3504 0.183 -1.8307, -7.4685 0.183 -1.8307, -7.3504 0.1642 -1.8552, -7.4685 0.1642 -1.8552, -7.3504 0.1398 -1.8739, -7.4685 0.1398 -1.8739, -7.3504 0.1113 -1.8857, -7.4685 0.1113 -1.8857
            ]
        }
        coordIndex [
            0,1,2,-1,3,4,5,-1,5,4,6,-1,5,6,2,-1,2,6,7,-1,2,7,0,-1,8,9,10,-1,11,12,13,-1,7,6,13,-1,13,6,8,-1,13,8,11,-1,11,8,10,-1,14,15,16,-1,16,15,17,-1,18,19,20,-1,20,19,21,-1,22,23,24,-1,25,26,27,-1,24,23,28,-1,29,30,31,-1,31,30,32,-1,31,32,33,-1,33,32,25,-1,33,25,23,-1,23,25,27,-1,23,27,28,-1,22,24,34,-1,34,24,35,-1,34,35,36,-1,36,35,37,-1,36,37,38,-1,21,39,20,-1,20,39,40,-1,41,40,42,-1,42,40,39,-1,43,44,45,-1,45,44,46,-1,44,14,46,-1,46,14,16,-1,47,48,49,-1,49,48,50,-1,25,51,26,-1,26,51,52,-1,53,54,52,-1,52,54,55,-1,52,55,26,-1,52,56,53,-1,53,56,57,-1,53,57,58,-1,58,57,59,-1,58,59,60,-1,60,59,61,-1,60,61,62,-1,62,61,63,-1,62,63,64,-1,50,65,49,-1,49,65,66,-1,49,66,67,-1,67,66,64,-1,67,64,68,-1,68,64,63,-1,47,43,48,-1,48,43,45,-1,42,69,41,-1,41,69,70,-1,70,69,71,-1,71,69,72,-1,73,24,74,-1,74,24,28,-1,75,76,28,-1,28,76,77,-1,28,77,74,-1,28,78,75,-1,75,78,79,-1,75,79,80,-1,80,79,81,-1,80,81,82,-1,82,81,83,-1,82,83,84,-1,84,83,85,-1,84,85,86,-1,72,87,71,-1,71,87,88,-1,71,88,89,-1,89,88,86,-1,89,86,90,-1,90,86,85,-1,91,1,92,-1,92,1,93,-1,94,95,92,-1,92,95,91,-1,5,96,3,-1,3,96,97,-1,3,97,98,-1,5,2,96,-1,96,2,99,-1,99,2,95,-1,95,2,1,-1,95,1,91,-1,93,100,101,-1,101,100,102,-1,101,102,103,-1,103,102,104,-1,103,104,105,-1,105,104,106,-1,105,106,107,-1,107,106,108,-1,107,108,109,-1,109,108,110,-1,109,110,111,-1,111,110,112,-1,94,92,113,-1,113,92,93,-1,113,93,114,-1,114,93,101,-1,114,101,115,-1,115,101,103,-1,115,103,116,-1,117,118,119,-1,119,118,120,-1,119,120,121,-1,121,120,122,-1,121,122,123,-1,123,122,124,-1,123,124,125,-1,125,124,126,-1,125,126,127,-1,127,126,128,-1,127,128,129,-1,129,128,130,-1,129,130,131,-1,131,130,132,-1,131,132,133,-1,133,132,134,-1,133,134,135,-1,135,134,136,-1,135,136,137,-1,137,136,138,-1,137,138,139,-1,139,138,140,-1,139,140,141,-1,141,140,142,-1,141,142,111,-1,111,142,143,-1,111,143,109,-1,109,143,144,-1,109,144,107,-1,107,144,116,-1,107,116,105,-1,105,116,103,-1,145,146,100,-1,100,146,147,-1,100,147,102,-1,102,147,148,-1,102,148,104,-1,104,148,149,-1,104,149,106,-1,106,149,150,-1,151,152,153,-1,153,152,154,-1,153,154,155,-1,155,154,156,-1,155,156,157,-1,157,156,158,-1,157,158,159,-1,159,158,160,-1,159,160,161,-1,161,160,162,-1,161,162,163,-1,163,162,164,-1,163,164,165,-1,165,164,166,-1,165,166,167,-1,167,166,168,-1,167,168,169,-1,169,168,170,-1,169,170,171,-1,171,170,172,-1,171,172,173,-1,173,172,174,-1,173,174,175,-1,175,174,176,-1,175,176,177,-1,177,176,112,-1,177,112,178,-1,178,112,110,-1,178,110,150,-1,150,110,108,-1,150,108,106,-1,117,119,152,-1,152,119,154,-1,118,117,151,-1,151,117,152,-1,120,118,153,-1,153,118,151,-1,120,153,122,-1,122,153,155,-1,122,155,124,-1,124,155,157,-1,124,157,126,-1,126,157,159,-1,126,159,128,-1,128,159,161,-1,128,161,130,-1,130,161,163,-1,132,130,165,-1,165,130,163,-1,132,165,134,-1,134,165,167,-1,134,167,136,-1,136,167,169,-1,136,169,138,-1,138,169,171,-1,138,171,140,-1,140,171,173,-1,140,173,142,-1,142,173,175,-1,143,142,177,-1,177,142,175,-1,143,177,178,-1,143,178,144,-1,144,178,150,-1,144,150,116,-1,116,150,149,-1,116,149,115,-1,115,149,148,-1,115,148,114,-1,114,148,147,-1,114,147,113,-1,141,111,176,-1,176,111,112,-1,141,176,174,-1,141,174,139,-1,139,174,172,-1,139,172,137,-1,137,172,170,-1,137,170,135,-1,135,170,168,-1,135,168,133,-1,133,168,166,-1,133,166,131,-1,129,131,164,-1,164,131,166,-1,129,164,162,-1,129,162,127,-1,127,162,160,-1,127,160,125,-1,125,160,158,-1,125,158,123,-1,123,158,156,-1,123,156,121,-1,121,156,154,-1,121,154,119,-1,179,180,22,-1,22,180,23,-1,181,182,183,-1,183,182,184,-1,184,182,185,-1,184,185,186,-1,186,185,187,-1,186,187,188,-1,188,187,189,-1,188,189,190,-1,190,189,191,-1,190,191,192,-1,192,191,193,-1,192,193,194,-1,27,195,196,-1,196,195,197,-1,196,197,198,-1,198,197,181,-1,198,181,199,-1,199,181,183,-1,199,57,198,-1,198,57,56,-1,68,188,67,-1,67,188,190,-1,57,199,59,-1,59,199,183,-1,59,183,61,-1,61,183,184,-1,61,184,63,-1,63,184,186,-1,63,186,68,-1,68,186,188,-1,50,194,65,-1,65,194,193,-1,65,193,66,-1,66,193,191,-1,64,66,189,-1,189,66,191,-1,64,189,187,-1,64,187,62,-1,62,187,185,-1,62,185,60,-1,60,185,182,-1,60,182,58,-1,58,182,181,-1,58,181,53,-1,54,53,197,-1,197,53,181,-1,54,197,55,-1,55,197,195,-1,55,195,26,-1,26,195,27,-1,200,201,78,-1,78,201,79,-1,79,201,81,-1,81,201,202,-1,81,202,83,-1,83,202,203,-1,83,203,85,-1,85,203,204,-1,85,204,90,-1,90,204,205,-1,89,90,206,-1,206,90,205,-1,72,207,87,-1,87,207,208,-1,87,208,88,-1,88,208,209,-1,86,88,210,-1,210,88,209,-1,86,210,211,-1,86,211,84,-1,84,211,212,-1,84,212,82,-1,82,212,213,-1,82,213,80,-1,80,213,214,-1,80,214,75,-1,76,75,215,-1,215,75,214,-1,76,215,77,-1,77,215,216,-1,77,216,74,-1,74,216,217,-1,214,213,202,-1,202,213,203,-1,203,213,212,-1,203,212,204,-1,204,212,211,-1,204,211,205,-1,205,211,210,-1,205,210,206,-1,206,210,209,-1,206,209,192,-1,192,209,208,-1,192,208,207,-1,217,216,196,-1,196,216,215,-1,196,215,200,-1,200,215,214,-1,200,214,201,-1,201,214,202,-1,207,49,192,-1,192,49,67,-1,192,67,190,-1,52,217,56,-1,56,217,196,-1,56,196,198,-1,28,27,78,-1,78,27,196,-1,78,196,200,-1,194,71,192,-1,192,71,89,-1,192,89,206,-1,179,22,34,-1,179,34,218,-1,218,34,36,-1,218,36,219,-1,219,36,38,-1,219,38,220,-1,220,38,37,-1,220,37,221,-1,221,37,35,-1,221,35,222,-1,222,35,24,-1,222,24,73,-1,23,180,223,-1,23,223,33,-1,33,223,224,-1,33,224,31,-1,31,224,225,-1,31,225,29,-1,29,225,226,-1,29,226,30,-1,30,226,227,-1,30,227,32,-1,32,227,51,-1,32,51,25,-1,228,229,230,-1,231,232,233,-1,234,235,233,-1,233,235,228,-1,233,228,231,-1,231,228,230,-1,236,237,238,-1,238,237,239,-1,240,241,242,-1,242,241,243,-1,244,245,246,-1,246,245,247,-1,248,249,250,-1,250,249,251,-1,252,253,254,-1,254,253,255,-1,256,257,258,-1,258,257,253,-1,258,253,252,-1,256,259,257,-1,257,259,260,-1,260,259,261,-1,261,259,262,-1,261,262,263,-1,258,252,264,-1,264,252,254,-1,265,266,267,-1,267,266,268,-1,265,267,269,-1,265,269,270,-1,270,269,271,-1,270,271,272,-1,272,271,273,-1,272,273,274,-1,274,273,275,-1,274,275,276,-1,276,275,277,-1,276,277,278,-1,279,278,280,-1,280,278,277,-1,279,280,281,-1,279,281,282,-1,282,281,283,-1,282,283,284,-1,284,283,285,-1,284,285,286,-1,286,285,287,-1,286,287,288,-1,288,287,289,-1,288,289,290,-1,291,290,292,-1,292,290,289,-1,291,292,293,-1,293,292,294,-1,293,294,295,-1,295,294,296,-1,295,296,297,-1,297,296,298,-1,297,298,299,-1,299,298,300,-1,299,300,301,-1,301,300,302,-1,301,302,264,-1,264,302,303,-1,304,305,306,-1,304,306,307,-1,307,306,308,-1,307,308,309,-1,309,308,310,-1,309,310,311,-1,311,310,312,-1,311,312,313,-1,313,312,314,-1,313,314,315,-1,316,315,317,-1,317,315,314,-1,316,317,318,-1,318,317,319,-1,318,319,320,-1,320,319,321,-1,320,321,322,-1,322,321,323,-1,322,323,324,-1,324,323,325,-1,324,325,326,-1,326,325,327,-1,328,326,329,-1,329,326,327,-1,328,329,330,-1,330,329,331,-1,330,331,332,-1,332,331,333,-1,332,333,334,-1,334,333,335,-1,334,335,336,-1,336,335,337,-1,336,337,338,-1,338,337,339,-1,340,338,341,-1,341,338,339,-1,266,340,268,-1,268,340,341,-1,254,255,264,-1,264,255,304,-1,264,304,301,-1,301,304,307,-1,301,307,299,-1,299,307,309,-1,299,309,297,-1,297,309,311,-1,340,266,338,-1,338,266,265,-1,338,265,336,-1,336,265,270,-1,336,270,334,-1,334,270,272,-1,334,272,332,-1,332,272,274,-1,332,274,330,-1,330,274,276,-1,330,276,328,-1,328,276,278,-1,328,278,326,-1,326,278,279,-1,326,279,324,-1,324,279,282,-1,324,282,322,-1,322,282,284,-1,322,284,320,-1,320,284,286,-1,320,286,318,-1,318,286,288,-1,318,288,316,-1,316,288,290,-1,316,290,315,-1,315,290,291,-1,315,291,313,-1,313,291,293,-1,313,293,311,-1,311,293,295,-1,311,295,297,-1,342,343,305,-1,305,343,303,-1,305,303,306,-1,306,303,302,-1,306,302,308,-1,308,302,300,-1,308,300,310,-1,268,341,267,-1,267,341,339,-1,267,339,269,-1,269,339,337,-1,269,337,271,-1,271,337,335,-1,271,335,273,-1,273,335,333,-1,273,333,275,-1,275,333,331,-1,275,331,277,-1,277,331,329,-1,277,329,280,-1,280,329,327,-1,280,327,281,-1,281,327,325,-1,281,325,283,-1,283,325,323,-1,283,323,285,-1,285,323,321,-1,285,321,287,-1,287,321,319,-1,287,319,289,-1,289,319,317,-1,289,317,292,-1,292,317,314,-1,292,314,294,-1,294,314,312,-1,294,312,296,-1,296,312,310,-1,296,310,298,-1,298,310,300,-1,344,345,346,-1,346,345,347,-1,348,349,350,-1,350,349,351,-1,350,351,352,-1,352,351,353,-1,354,352,355,-1,355,352,353,-1,354,355,356,-1,354,356,357,-1,357,356,358,-1,357,358,359,-1,359,358,360,-1,359,360,361,-1,361,360,362,-1,361,362,363,-1,364,363,365,-1,365,363,362,-1,364,365,366,-1,366,365,367,-1,366,367,368,-1,368,367,369,-1,370,371,372,-1,372,371,373,-1,371,370,374,-1,374,370,375,-1,374,375,376,-1,376,375,377,-1,376,377,378,-1,378,377,379,-1,378,379,380,-1,380,379,381,-1,380,381,382,-1,382,381,383,-1,355,353,384,-1,384,353,351,-1,384,351,349,-1,384,383,355,-1,355,383,381,-1,355,381,356,-1,356,381,379,-1,356,379,358,-1,358,379,377,-1,358,377,360,-1,360,377,375,-1,360,375,362,-1,369,367,385,-1,385,367,365,-1,385,365,372,-1,372,365,362,-1,372,362,370,-1,370,362,375,-1,386,387,384,-1,384,387,388,-1,384,388,389,-1,384,390,386,-1,386,390,391,-1,386,391,392,-1,392,391,393,-1,392,393,394,-1,394,393,395,-1,394,395,396,-1,396,395,397,-1,396,397,398,-1,399,400,385,-1,385,400,401,-1,385,401,402,-1,402,401,398,-1,402,398,403,-1,403,398,397,-1,402,403,404,-1,404,403,405,-1,406,407,390,-1,390,407,391,-1,408,389,409,-1,409,389,388,-1,409,388,410,-1,410,388,387,-1,411,410,386,-1,386,410,387,-1,411,386,392,-1,411,392,412,-1,412,392,394,-1,412,394,413,-1,413,394,396,-1,413,396,414,-1,414,396,398,-1,414,398,415,-1,416,415,401,-1,401,415,398,-1,416,401,417,-1,417,401,400,-1,417,400,418,-1,418,400,399,-1,405,403,419,-1,419,403,397,-1,419,397,420,-1,420,397,395,-1,420,395,421,-1,421,395,393,-1,421,393,407,-1,407,393,391,-1,349,422,384,-1,384,422,406,-1,384,406,390,-1,389,423,384,-1,384,423,382,-1,384,382,383,-1,372,373,385,-1,385,373,424,-1,385,424,399,-1,402,404,385,-1,385,404,425,-1,385,425,369,-1,426,427,428,-1,426,428,429,-1,429,428,430,-1,429,430,431,-1,431,430,432,-1,431,432,433,-1,433,432,434,-1,433,434,435,-1,435,434,436,-1,435,436,437,-1,437,436,344,-1,437,344,346,-1,438,439,440,-1,438,440,441,-1,441,440,442,-1,441,442,443,-1,443,442,444,-1,443,444,445,-1,445,444,446,-1,445,446,447,-1,447,446,448,-1,447,448,449,-1,449,448,347,-1,449,347,345,-1,
        ]
    }
}
Shape{
    appearance Appearance {
        material  Material 	{
            diffuseColor 1.0 1.0 1.0
            specularColor 0.5019607843137255 0.5019607843137255 0.5019607843137255
            ambientIntensity 1.0
            transparency 0.0
            shininess 0.5
        }
    }
    geometry IndexedFaceSet {
        ccw TRUE
        solid FALSE
        coord DEF co Coordinate {
            point [
                4.1821 -3.5827 1.0092, 4.1821 -3.5827 0.9788, 4.1821 -3.5787 1.0092, 4.1821 -3.5787 0.9788, 4.0758 -3.5827 1.0092, 4.0758 -3.5787 1.0092, 4.0758 -3.5827 1.2457, 4.0758 -3.5787 1.2457, 4.0414 -3.5827 1.2457, 4.0414 -3.5787 1.2457, 4.0414 -3.5827 0.9788, 4.0414 -3.5787 0.9788, 4.3597 -3.5827 0.9782, 4.319 -3.5827 0.9743, 4.3426 -3.5787 0.9765, 4.319 -3.5787 0.9743, 4.3597 -3.5787 0.9782, 4.3883 -3.5787 0.9876, 4.3883 -3.5827 0.9876, 4.3929 -3.5787 0.9898, 4.3929 -3.5827 0.9898, 4.3929 -3.5827 1.0229, 4.3929 -3.5787 1.0229, 4.3693 -3.5787 1.0119, 4.3693 -3.5827 1.0119, 4.3396 -3.5787 1.0057, 4.3396 -3.5827 1.0057, 4.324 -3.5787 1.005, 4.324 -3.5827 1.005, 4.2984 -3.5787 1.0079, 4.2984 -3.5827 1.0079, 4.2791 -3.5787 1.015, 4.2791 -3.5827 1.015, 4.2615 -3.5787 1.0272, 4.2615 -3.5827 1.0272, 4.2554 -3.5787 1.0331, 4.2554 -3.5827 1.0331, 4.2422 -3.5787 1.0516, 4.2422 -3.5827 1.0516, 4.2336 -3.5787 1.0732, 4.2336 -3.5827 1.0732, 4.2293 -3.5787 1.1056, 4.2293 -3.5827 1.1056, 4.2292 -3.5787 1.1092, 4.2292 -3.5827 1.1092, 4.2335 -3.5787 1.1455, 4.2335 -3.5827 1.1455, 4.2424 -3.5787 1.1686, 4.2424 -3.5827 1.1686, 4.2552 -3.5787 1.1872, 4.2552 -3.5827 1.1872, 4.2573 -3.5787 1.1895, 4.2573 -3.5827 1.1895, 4.2755 -3.5787 1.2045, 4.2755 -3.5827 1.2045, 4.2965 -3.5787 1.2142, 4.2965 -3.5827 1.2142, 4.3198 -3.5787 1.2187, 4.3198 -3.5827 1.2187, 4.33 -3.5787 1.2191, 4.33 -3.5827 1.2191, 4.3588 -3.5787 1.2161, 4.3588 -3.5827 1.2161, 4.3863 -3.5787 1.2067, 4.3863 -3.5827 1.2067, 4.3929 -3.5787 1.2032, 4.3929 -3.5827 1.2032, 4.3929 -3.5827 1.2393, 4.3929 -3.5787 1.2393, 4.3296 -3.5787 1.2502, 4.3296 -3.5827 1.2502, 4.3343 -3.5827 1.2501, 4.3685 -3.5787 1.2467, 4.3685 -3.5827 1.2467, 4.3564 -3.5787 1.2479, 4.3343 -3.5787 1.2501, 4.311 -3.5787 1.2479, 4.2913 -3.5827 1.2456, 4.2913 -3.5787 1.2456, 4.2634 -3.5787 1.2348, 4.2634 -3.5827 1.2348, 4.2376 -3.5787 1.2166, 4.2376 -3.5827 1.2166, 4.2316 -3.5787 1.2109, 4.2316 -3.5827 1.2109, 4.2144 -3.5787 1.1892, 4.205 -3.5787 1.169, 4.2009 -3.5827 1.1601, 4.2144 -3.5827 1.1892, 4.2009 -3.5787 1.1601, 4.194 -3.5787 1.1262, 4.194 -3.5827 1.1262, 4.1931 -3.5787 1.1072, 4.1931 -3.5827 1.1072, 4.1982 -3.5787 1.0642, 4.205 -3.5787 1.0466, 4.209 -3.5827 1.0362, 4.1982 -3.5827 1.0642, 4.209 -3.5787 1.0362, 4.2249 -3.5787 1.0134, 4.2249 -3.5827 1.0134, 4.2273 -3.5787 1.0107, 4.2273 -3.5827 1.0107, 4.272 -3.5787 0.9817, 4.2471 -3.5827 0.994, 4.2471 -3.5787 0.994, 4.295 -3.5787 0.9765, 4.3005 -3.5827 0.9753, 4.272 -3.5827 0.9817, 4.3005 -3.5787 0.9753, 4.5899 -3.5827 1.0092, 4.5899 -3.5827 0.9788, 4.5899 -3.5787 1.0092, 4.5899 -3.5787 0.9788, 4.4808 -3.5787 1.0092, 4.4808 -3.5827 1.0092, 4.5528 -3.5787 1.0092, 4.4808 -3.5827 1.099, 4.4808 -3.5787 1.099, 4.5762 -3.5787 1.099, 4.5762 -3.5827 1.099, 4.5528 -3.5787 1.099, 4.5762 -3.5827 1.1296, 4.5762 -3.5787 1.1296, 4.4808 -3.5787 1.1296, 4.4808 -3.5827 1.1296, 4.5528 -3.5787 1.1296, 4.4808 -3.5827 1.215, 4.4808 -3.5787 1.215, 4.5838 -3.5787 1.215, 4.5838 -3.5827 1.215, 4.5528 -3.5787 1.215, 4.5838 -3.5827 1.2457, 4.5838 -3.5787 1.2457, 4.4463 -3.5787 1.2457, 4.4463 -3.5827 1.2457, 4.5528 -3.5787 1.2457, 4.4463 -3.5827 0.9788, 4.4463 -3.5787 0.9788, 4.5528 -3.5787 0.9788, 4.7495 -3.5827 1.2112, 4.7262 -3.5827 1.2454, 4.7151 -3.5827 1.215, 4.7164 -3.5827 1.2457, 4.6747 -3.5827 1.215, 4.6403 -3.5827 1.2457, 4.6747 -3.5827 1.0092, 4.6403 -3.5827 0.9788, 4.7135 -3.5827 1.0092, 4.7137 -3.5827 0.9788, 4.75 -3.5827 1.0135, 4.7586 -3.5827 0.9842, 4.7722 -3.5827 1.022, 4.7891 -3.5827 0.996, 4.7894 -3.5827 1.0339, 4.8173 -3.5827 1.0162, 4.7928 -3.5827 1.037, 4.8066 -3.5827 1.0544, 4.8352 -3.5827 1.0368, 4.8156 -3.5827 1.0744, 4.8491 -3.5827 1.064, 4.8206 -3.5827 1.0992, 4.8563 -3.5827 1.0946, 4.8213 -3.5827 1.1147, 4.8576 -3.5827 1.1156, 4.8184 -3.5827 1.144, 4.8532 -3.5827 1.1521, 4.8114 -3.5827 1.1646, 4.8434 -3.5827 1.1776, 4.8015 -3.5827 1.1802, 4.8269 -3.5827 1.2009, 4.7921 -3.5827 1.1899, 4.8173 -3.5827 1.2103, 4.7726 -3.5827 1.2028, 4.794 -3.5827 1.2269, 4.7625 -3.5827 1.2398, 4.7137 -3.5787 0.9788, 4.6403 -3.5787 0.9788, 4.8173 -3.5787 1.0162, 4.7586 -3.5787 0.9842, 4.7625 -3.5787 0.9857, 4.7891 -3.5787 0.996, 4.8352 -3.5787 1.0368, 4.8491 -3.5787 1.064, 4.8563 -3.5787 1.0946, 4.8576 -3.5787 1.1156, 4.8532 -3.5787 1.1521, 4.8434 -3.5787 1.1776, 4.8269 -3.5787 1.2009, 4.8173 -3.5787 1.2103, 4.7164 -3.5787 1.2457, 4.794 -3.5787 1.2269, 4.7625 -3.5787 1.2398, 4.7625 -3.5787 1.2398, 4.7262 -3.5787 1.2454, 4.6403 -3.5787 1.2457, 4.7151 -3.5787 1.215, 4.6747 -3.5787 1.215, 4.6747 -3.5787 1.0092, 4.7135 -3.5787 1.0092, 4.7928 -3.5787 1.037, 4.7894 -3.5787 1.0339, 4.7722 -3.5787 1.022, 4.75 -3.5787 1.0135, 4.8213 -3.5787 1.1147, 4.8206 -3.5787 1.0992, 4.8156 -3.5787 1.0744, 4.8066 -3.5787 1.0544, 4.7921 -3.5787 1.1899, 4.8015 -3.5787 1.1802, 4.8114 -3.5787 1.1646, 4.8184 -3.5787 1.144, 4.7495 -3.5787 1.2112, 4.7726 -3.5787 1.2028
            ]
        }
        coordIndex [
            0,1,2,-1,2,1,3,-1,4,0,5,-1,5,0,2,-1,6,4,7,-1,7,4,5,-1,8,6,9,-1,9,6,7,-1,10,8,11,-1,11,8,9,-1,1,10,3,-1,3,10,11,-1,6,8,4,-1,4,8,10,-1,4,10,0,-1,0,10,1,-1,12,13,14,-1,14,13,15,-1,14,16,12,-1,12,16,17,-1,12,17,18,-1,18,17,19,-1,18,19,20,-1,21,20,22,-1,22,20,19,-1,21,22,23,-1,21,23,24,-1,24,23,25,-1,24,25,26,-1,26,25,27,-1,26,27,28,-1,28,27,29,-1,28,29,30,-1,30,29,31,-1,30,31,32,-1,32,31,33,-1,32,33,34,-1,34,33,35,-1,34,35,36,-1,36,35,37,-1,36,37,38,-1,38,37,39,-1,38,39,40,-1,40,39,41,-1,40,41,42,-1,42,41,43,-1,42,43,44,-1,44,43,45,-1,44,45,46,-1,46,45,47,-1,46,47,48,-1,48,47,49,-1,48,49,50,-1,50,49,51,-1,50,51,52,-1,52,51,53,-1,52,53,54,-1,54,53,55,-1,54,55,56,-1,56,55,57,-1,56,57,58,-1,58,57,59,-1,58,59,60,-1,60,59,61,-1,60,61,62,-1,62,61,63,-1,62,63,64,-1,64,63,65,-1,64,65,66,-1,67,66,68,-1,68,66,65,-1,69,70,71,-1,67,68,72,-1,67,72,73,-1,73,72,74,-1,73,74,71,-1,71,74,75,-1,71,75,69,-1,70,69,76,-1,70,76,77,-1,76,78,77,-1,77,78,79,-1,77,79,80,-1,80,79,81,-1,80,81,82,-1,82,81,83,-1,82,83,84,-1,84,83,85,-1,86,87,85,-1,85,87,88,-1,85,88,84,-1,86,89,87,-1,87,89,90,-1,87,90,91,-1,91,90,92,-1,91,92,93,-1,93,92,94,-1,95,96,94,-1,94,96,97,-1,94,97,93,-1,95,98,96,-1,96,98,99,-1,96,99,100,-1,100,99,101,-1,100,101,102,-1,103,104,105,-1,105,104,102,-1,105,102,101,-1,106,107,103,-1,103,107,108,-1,103,108,104,-1,106,109,107,-1,107,109,15,-1,107,15,13,-1,64,66,67,-1,54,56,77,-1,46,48,88,-1,77,56,70,-1,88,48,84,-1,64,67,62,-1,77,80,54,-1,54,80,82,-1,54,82,52,-1,52,82,84,-1,52,84,50,-1,50,84,48,-1,56,58,70,-1,70,58,60,-1,70,60,71,-1,71,60,62,-1,71,62,73,-1,73,62,67,-1,93,44,91,-1,91,44,46,-1,91,46,87,-1,87,46,88,-1,20,21,18,-1,18,21,24,-1,18,24,12,-1,12,24,26,-1,12,26,13,-1,13,26,28,-1,13,28,107,-1,107,28,30,-1,107,30,108,-1,108,30,32,-1,108,32,104,-1,104,32,34,-1,104,34,102,-1,102,34,36,-1,102,36,100,-1,100,36,38,-1,100,38,96,-1,96,38,97,-1,97,38,40,-1,97,40,93,-1,93,40,42,-1,93,42,44,-1,110,111,112,-1,112,111,113,-1,114,115,116,-1,116,115,110,-1,116,110,112,-1,117,115,118,-1,118,115,114,-1,119,120,121,-1,121,120,117,-1,121,117,118,-1,122,120,123,-1,123,120,119,-1,124,125,126,-1,126,125,122,-1,126,122,123,-1,127,125,128,-1,128,125,124,-1,129,130,131,-1,131,130,127,-1,131,127,128,-1,132,130,133,-1,133,130,129,-1,134,135,136,-1,136,135,132,-1,136,132,133,-1,137,135,138,-1,138,135,134,-1,113,111,139,-1,139,111,137,-1,139,137,138,-1,137,111,110,-1,110,115,137,-1,137,115,117,-1,137,117,135,-1,130,132,127,-1,127,132,135,-1,127,135,125,-1,125,135,117,-1,125,117,122,-1,122,117,120,-1,140,141,142,-1,142,141,143,-1,142,143,144,-1,144,143,145,-1,144,145,146,-1,146,145,147,-1,146,147,148,-1,148,147,149,-1,148,149,150,-1,150,149,151,-1,150,151,152,-1,152,151,153,-1,152,153,154,-1,154,153,155,-1,154,155,156,-1,156,155,157,-1,157,155,158,-1,157,158,159,-1,159,158,160,-1,159,160,161,-1,161,160,162,-1,161,162,163,-1,163,162,164,-1,163,164,165,-1,165,164,166,-1,165,166,167,-1,167,166,168,-1,167,168,169,-1,169,168,170,-1,169,170,171,-1,171,170,172,-1,171,172,173,-1,173,172,174,-1,173,174,140,-1,140,174,175,-1,140,175,141,-1,149,147,176,-1,176,147,177,-1,178,155,153,-1,149,176,179,-1,149,179,151,-1,151,179,180,-1,151,180,153,-1,153,180,181,-1,153,181,178,-1,155,178,182,-1,155,182,158,-1,158,182,183,-1,158,183,160,-1,160,183,184,-1,160,184,162,-1,162,184,185,-1,162,185,164,-1,164,185,186,-1,164,186,166,-1,166,186,187,-1,166,187,168,-1,168,187,188,-1,168,188,170,-1,170,188,189,-1,170,189,172,-1,190,143,141,-1,172,189,191,-1,172,191,174,-1,174,191,192,-1,174,192,175,-1,175,192,193,-1,175,193,141,-1,141,193,194,-1,141,194,190,-1,145,143,195,-1,195,143,190,-1,147,145,177,-1,177,145,195,-1,142,144,196,-1,196,144,197,-1,144,146,197,-1,197,146,198,-1,146,148,198,-1,198,148,199,-1,156,200,201,-1,156,201,154,-1,154,201,202,-1,154,202,152,-1,152,202,203,-1,152,203,150,-1,150,203,199,-1,150,199,148,-1,163,204,205,-1,163,205,161,-1,161,205,206,-1,161,206,159,-1,159,206,207,-1,159,207,157,-1,157,207,200,-1,157,200,156,-1,171,208,209,-1,171,209,169,-1,169,209,210,-1,169,210,167,-1,167,210,211,-1,167,211,165,-1,165,211,204,-1,165,204,163,-1,142,196,212,-1,142,212,140,-1,140,212,213,-1,140,213,173,-1,173,213,208,-1,173,208,171,-1,
        ]
    }
}
Shape{
    appearance Appearance {
        material  Material 	{
            diffuseColor 0.25098039215686274 0.25098039215686274 0.25098039215686274
            specularColor 0.12549019607843137 0.12549019607843137 0.12549019607843137
            ambientIntensity 0.251
            transparency 0.0
            shininess 0.5
        }
    }
    geometry IndexedFaceSet {
        ccw TRUE
        solid FALSE
        coord DEF co Coordinate {
            point [
                4.6747 -3.5787 1.215, 4.6747 -3.5787 1.0092, 4.7151 -3.5787 1.215, 4.7135 -3.5787 1.0092, 4.75 -3.5787 1.0135, 4.7722 -3.5787 1.022, 4.7894 -3.5787 1.0339, 4.7928 -3.5787 1.037, 4.8206 -3.5787 1.0992, 4.8213 -3.5787 1.1147, 4.8184 -3.5787 1.144, 4.8114 -3.5787 1.1646, 4.8015 -3.5787 1.1802, 4.7921 -3.5787 1.1899, 4.7495 -3.5787 1.2112, 4.7726 -3.5787 1.2028, 4.8066 -3.5787 1.0544, 4.8156 -3.5787 1.0744
            ]
        }
        coordIndex [
            0,1,2,-1,2,1,3,-1,2,3,4,-1,4,5,2,-1,2,5,6,-1,2,6,7,-1,8,9,2,-1,2,9,10,-1,2,10,11,-1,11,12,2,-1,2,12,13,-1,2,13,14,-1,14,13,15,-1,7,16,2,-1,2,16,17,-1,2,17,8,-1,
        ]
    }
}
Shape{
    appearance Appearance {
        material  Material 	{
            diffuseColor 1.0 1.0 1.0
            specularColor 0.5019607843137255 0.5019607843137255 0.5019607843137255
            ambientIntensity 1.0
            transparency 0.0
            shininess 0.5
        }
    }
    geometry IndexedFaceSet {
        ccw TRUE
        solid FALSE
        coord DEF co Coordinate {
            point [
                4.947 -3.5827 1.0819, 4.9361 -3.5827 1.0518, 5.0366 -3.5827 1.0819, 5.0472 -3.5827 1.0518, 4.9869 -3.5827 1.1929, 4.974 -3.5827 1.2457, 4.8724 -3.5827 0.9788, 4.9104 -3.5827 0.9788, 4.9892 -3.5827 1.2008, 4.9913 -3.5827 1.2116, 5.0109 -3.5827 1.2457, 4.9921 -3.5827 1.2116, 4.9943 -3.5827 1.2003, 4.9963 -3.5827 1.1929, 5.1125 -3.5827 0.9788, 5.0745 -3.5827 0.9788, 5.0109 -3.5787 1.2457, 5.1125 -3.5787 0.9788, 4.974 -3.5787 1.2457, 4.8724 -3.5787 0.9788, 4.9493 -3.5787 1.1807, 4.9104 -3.5787 0.9788, 4.9361 -3.5787 1.0518, 5.0472 -3.5787 1.0518, 4.9493 -3.5787 1.0518, 5.0745 -3.5787 0.9788, 4.947 -3.5787 1.0819, 5.0366 -3.5787 1.0819, 4.9963 -3.5787 1.1929, 4.9921 -3.5787 1.2116, 4.9943 -3.5787 1.2003, 4.9913 -3.5787 1.2116, 4.9869 -3.5787 1.1929, 4.9892 -3.5787 1.2008
            ]
        }
        coordIndex [
            0,1,2,-1,2,1,3,-1,4,5,0,-1,0,5,6,-1,0,6,1,-1,1,6,7,-1,4,8,5,-1,5,8,9,-1,5,9,10,-1,10,9,11,-1,10,11,12,-1,12,13,10,-1,10,13,2,-1,10,2,14,-1,14,2,3,-1,14,3,15,-1,10,14,16,-1,16,14,17,-1,5,10,18,-1,18,10,16,-1,19,6,20,-1,20,6,5,-1,20,5,18,-1,7,6,21,-1,21,6,19,-1,1,7,22,-1,22,7,21,-1,23,3,24,-1,24,3,1,-1,24,1,22,-1,15,3,25,-1,25,3,23,-1,14,15,17,-1,17,15,25,-1,0,2,26,-1,26,2,27,-1,2,13,27,-1,27,13,28,-1,11,29,30,-1,11,30,12,-1,12,30,28,-1,12,28,13,-1,11,9,29,-1,29,9,31,-1,4,32,33,-1,4,33,8,-1,8,33,31,-1,8,31,9,-1,4,0,32,-1,32,0,26,-1,
        ]
    }
}
Shape{
    appearance Appearance {
        material  Material 	{
            diffuseColor 0.25098039215686274 0.25098039215686274 0.25098039215686274
            specularColor 0.12549019607843137 0.12549019607843137 0.12549019607843137
            ambientIntensity 0.251
            transparency 0.0
            shininess 0.5
        }
    }
    geometry IndexedFaceSet {
        ccw TRUE
        solid FALSE
        coord DEF co Coordinate {
            point [
                4.9921 -3.5787 1.2116, 4.9913 -3.5787 1.2116, 4.9943 -3.5787 1.2003, 4.9892 -3.5787 1.2008, 4.9963 -3.5787 1.1929, 4.9869 -3.5787 1.1929, 5.0366 -3.5787 1.0819, 4.947 -3.5787 1.0819
            ]
        }
        coordIndex [
            0,1,2,-1,2,1,3,-1,2,3,4,-1,4,3,5,-1,4,5,6,-1,6,5,7,-1,
        ]
    }
}
Shape{
    appearance Appearance {
        material  Material 	{
            diffuseColor 1.0 1.0 1.0
            specularColor 0.5019607843137255 0.5019607843137255 0.5019607843137255
            ambientIntensity 1.0
            transparency 0.0
            shininess 0.5
        }
    }
    geometry IndexedFaceSet {
        ccw TRUE
        solid FALSE
        coord DEF co Coordinate {
            point [
                4.1849 -3.5827 0.5858, 4.1849 -3.5827 0.5554, 4.1849 -3.5787 0.5858, 4.1849 -3.5787 0.5554, 4.0758 -3.5827 0.5858, 4.0758 -3.5787 0.5858, 4.0758 -3.5827 0.6756, 4.0758 -3.5787 0.6756, 4.1713 -3.5827 0.6756, 4.1713 -3.5787 0.6756, 4.1713 -3.5827 0.7062, 4.1713 -3.5787 0.7062, 4.0758 -3.5827 0.7062, 4.0758 -3.5787 0.7062, 4.0758 -3.5827 0.7916, 4.0758 -3.5787 0.7916, 4.1789 -3.5827 0.7916, 4.1789 -3.5787 0.7916, 4.1789 -3.5827 0.8223, 4.1789 -3.5787 0.8223, 4.0414 -3.5827 0.8223, 4.0414 -3.5787 0.8223, 4.0414 -3.5827 0.5554, 4.0414 -3.5787 0.5554, 4.3358 -3.5827 0.5848, 4.3367 -3.5827 0.5848, 4.3345 -3.5827 0.6156, 4.3366 -3.5827 0.6305, 4.3701 -3.5827 0.678, 4.3367 -3.5827 0.6327, 4.3367 -3.5827 0.651, 4.3367 -3.5827 0.5554, 4.3701 -3.5827 0.5554, 4.2642 -3.5827 0.6367, 4.2722 -3.5827 0.6405, 4.2538 -3.5827 0.662, 4.3296 -3.5827 0.6037, 4.3223 -3.5827 0.5939, 4.3306 -3.5827 0.5769, 4.3182 -3.5827 0.5898, 4.32 -3.5827 0.5655, 4.3087 -3.5827 0.5834, 4.3082 -3.5827 0.5577, 4.2986 -3.5827 0.5797, 4.2946 -3.5827 0.5528, 4.286 -3.5827 0.5783, 4.2774 -3.5827 0.5509, 4.2748 -3.5827 0.5796, 4.2574 -3.5827 0.5532, 4.2672 -3.5827 0.5823, 4.2446 -3.5827 0.558, 4.2605 -3.5827 0.5869, 4.2333 -3.5827 0.5659, 4.2577 -3.5827 0.5898, 4.2802 -3.5827 0.6686, 4.2921 -3.5827 0.645, 4.3367 -3.5827 0.6765, 4.2597 -3.5827 0.6333, 4.2399 -3.5827 0.6546, 4.2557 -3.5827 0.6283, 4.2299 -3.5827 0.6457, 4.2528 -3.5827 0.6221, 4.2228 -3.5827 0.6348, 4.2511 -3.5827 0.6144, 4.2186 -3.5827 0.6227, 4.2508 -3.5827 0.6091, 4.2169 -3.5827 0.6064, 4.2517 -3.5827 0.6015, 4.2186 -3.5827 0.5913, 4.2539 -3.5827 0.5954, 4.2226 -3.5827 0.5799, 4.2296 -3.5827 0.5697, 4.2356 -3.5827 0.7326, 4.2356 -3.5827 0.7001, 4.2465 -3.5827 0.7387, 4.2574 -3.5827 0.7141, 4.2721 -3.5827 0.7474, 4.2783 -3.5827 0.7212, 4.3012 -3.5827 0.7504, 4.2981 -3.5827 0.7232, 4.3211 -3.5827 0.7486, 4.3094 -3.5827 0.722, 4.3353 -3.5827 0.7443, 4.3171 -3.5827 0.7193, 4.3464 -3.5827 0.738, 4.3231 -3.5827 0.7155, 4.3548 -3.5827 0.7302, 4.3281 -3.5827 0.7101, 4.3618 -3.5827 0.7196, 4.3321 -3.5827 0.7032, 4.3671 -3.5827 0.7049, 4.3355 -3.5827 0.6913, 4.3012 -3.5787 0.7504, 4.2721 -3.5787 0.7474, 4.2465 -3.5787 0.7387, 4.2356 -3.5787 0.7326, 4.2356 -3.5787 0.7001, 4.2574 -3.5787 0.7141, 4.2783 -3.5787 0.7212, 4.2981 -3.5787 0.7232, 4.3094 -3.5787 0.722, 4.3171 -3.5787 0.7193, 4.3231 -3.5787 0.7155, 4.3281 -3.5787 0.7101, 4.3321 -3.5787 0.7032, 4.3355 -3.5787 0.6913, 4.3367 -3.5787 0.6765, 4.2802 -3.5787 0.6686, 4.2538 -3.5787 0.662, 4.2399 -3.5787 0.6546, 4.2299 -3.5787 0.6457, 4.2228 -3.5787 0.6348, 4.2186 -3.5787 0.6227, 4.2169 -3.5787 0.6064, 4.2186 -3.5787 0.5913, 4.2226 -3.5787 0.5799, 4.2296 -3.5787 0.5697, 4.2333 -3.5787 0.5659, 4.2774 -3.5787 0.5509, 4.258 -3.5787 0.5531, 4.2574 -3.5787 0.5532, 4.2446 -3.5787 0.558, 4.2946 -3.5787 0.5528, 4.2956 -3.5787 0.5531, 4.3082 -3.5787 0.5577, 4.32 -3.5787 0.5655, 4.3306 -3.5787 0.5769, 4.3358 -3.5787 0.5848, 4.3367 -3.5787 0.5848, 4.3367 -3.5787 0.5554, 4.3701 -3.5787 0.5554, 4.3701 -3.5787 0.678, 4.3671 -3.5787 0.7049, 4.3618 -3.5787 0.7196, 4.3548 -3.5787 0.7302, 4.3464 -3.5787 0.738, 4.3353 -3.5787 0.7443, 4.3211 -3.5787 0.7486, 4.2597 -3.5787 0.6333, 4.2642 -3.5787 0.6367, 4.2722 -3.5787 0.6405, 4.2921 -3.5787 0.645, 4.2508 -3.5787 0.6091, 4.2511 -3.5787 0.6144, 4.2528 -3.5787 0.6221, 4.2557 -3.5787 0.6283, 4.2605 -3.5787 0.5869, 4.2577 -3.5787 0.5898, 4.2539 -3.5787 0.5954, 4.2517 -3.5787 0.6015, 4.286 -3.5787 0.5783, 4.2748 -3.5787 0.5796, 4.2672 -3.5787 0.5823, 4.3223 -3.5787 0.5939, 4.3182 -3.5787 0.5898, 4.3087 -3.5787 0.5834, 4.2986 -3.5787 0.5797, 4.3367 -3.5787 0.6327, 4.3366 -3.5787 0.6305, 4.3345 -3.5787 0.6156, 4.3296 -3.5787 0.6037, 4.3367 -3.5787 0.651
            ]
        }
        coordIndex [
            0,1,2,-1,2,1,3,-1,4,0,5,-1,5,0,2,-1,6,4,7,-1,7,4,5,-1,8,6,9,-1,9,6,7,-1,10,8,11,-1,11,8,9,-1,12,10,13,-1,13,10,11,-1,14,12,15,-1,15,12,13,-1,16,14,17,-1,17,14,15,-1,18,16,19,-1,19,16,17,-1,20,18,21,-1,21,18,19,-1,22,20,23,-1,23,20,21,-1,1,22,3,-1,3,22,23,-1,22,1,0,-1,0,4,22,-1,22,4,6,-1,22,6,20,-1,16,18,14,-1,14,18,20,-1,14,20,12,-1,12,20,6,-1,12,6,10,-1,10,6,8,-1,24,25,26,-1,27,28,29,-1,29,28,30,-1,31,32,25,-1,25,32,28,-1,25,28,26,-1,26,28,27,-1,33,34,35,-1,26,36,24,-1,24,36,37,-1,24,37,38,-1,38,37,39,-1,38,39,40,-1,40,39,41,-1,40,41,42,-1,42,41,43,-1,42,43,44,-1,44,43,45,-1,44,45,46,-1,46,45,47,-1,46,47,48,-1,48,47,49,-1,48,49,50,-1,50,49,51,-1,50,51,52,-1,52,51,53,-1,35,34,54,-1,54,34,55,-1,54,55,56,-1,33,35,57,-1,57,35,58,-1,57,58,59,-1,59,58,60,-1,59,60,61,-1,61,60,62,-1,61,62,63,-1,63,62,64,-1,63,64,65,-1,65,64,66,-1,65,66,67,-1,67,66,68,-1,67,68,69,-1,69,68,70,-1,69,70,53,-1,53,70,71,-1,53,71,52,-1,72,73,74,-1,74,73,75,-1,74,75,76,-1,76,75,77,-1,76,77,78,-1,78,77,79,-1,78,79,80,-1,80,79,81,-1,80,81,82,-1,82,81,83,-1,82,83,84,-1,84,83,85,-1,84,85,86,-1,86,85,87,-1,86,87,88,-1,88,87,89,-1,88,89,90,-1,90,89,91,-1,90,91,28,-1,28,91,56,-1,28,56,30,-1,30,56,55,-1,78,92,93,-1,78,93,76,-1,76,93,94,-1,76,94,74,-1,74,94,95,-1,74,95,72,-1,73,72,96,-1,96,72,95,-1,73,96,97,-1,73,97,75,-1,75,97,98,-1,75,98,77,-1,77,98,99,-1,77,99,79,-1,79,99,100,-1,79,100,81,-1,81,100,101,-1,81,101,83,-1,83,101,102,-1,83,102,85,-1,85,102,103,-1,85,103,87,-1,87,103,104,-1,87,104,89,-1,89,104,105,-1,89,105,91,-1,91,105,106,-1,91,106,56,-1,54,56,107,-1,107,56,106,-1,54,107,108,-1,54,108,35,-1,35,108,109,-1,35,109,58,-1,58,109,110,-1,58,110,60,-1,60,110,111,-1,60,111,62,-1,62,111,112,-1,62,112,64,-1,64,112,113,-1,64,113,66,-1,66,113,114,-1,66,114,68,-1,68,114,115,-1,68,115,70,-1,70,115,116,-1,70,116,71,-1,71,116,117,-1,71,117,52,-1,118,46,119,-1,119,46,48,-1,119,48,120,-1,120,48,50,-1,120,50,121,-1,121,50,52,-1,121,52,117,-1,46,118,122,-1,46,122,44,-1,44,122,123,-1,44,123,42,-1,123,124,42,-1,42,124,125,-1,42,125,40,-1,40,125,126,-1,40,126,38,-1,38,126,127,-1,38,127,24,-1,25,24,128,-1,128,24,127,-1,31,25,129,-1,129,25,128,-1,32,31,130,-1,130,31,129,-1,28,32,131,-1,131,32,130,-1,28,131,132,-1,28,132,90,-1,90,132,133,-1,90,133,88,-1,88,133,134,-1,88,134,86,-1,86,134,135,-1,86,135,84,-1,84,135,136,-1,84,136,82,-1,82,136,137,-1,82,137,80,-1,80,137,92,-1,80,92,78,-1,57,138,139,-1,57,139,33,-1,33,139,140,-1,33,140,34,-1,34,140,141,-1,34,141,55,-1,65,142,143,-1,65,143,63,-1,63,143,144,-1,63,144,61,-1,61,144,145,-1,61,145,59,-1,59,145,138,-1,59,138,57,-1,51,146,147,-1,51,147,53,-1,53,147,148,-1,53,148,69,-1,69,148,149,-1,69,149,67,-1,67,149,142,-1,67,142,65,-1,45,150,151,-1,45,151,47,-1,47,151,152,-1,47,152,49,-1,49,152,146,-1,49,146,51,-1,37,153,154,-1,37,154,39,-1,39,154,155,-1,39,155,41,-1,41,155,156,-1,41,156,43,-1,43,156,150,-1,43,150,45,-1,29,157,158,-1,29,158,27,-1,27,158,159,-1,27,159,26,-1,26,159,160,-1,26,160,36,-1,36,160,153,-1,36,153,37,-1,29,30,157,-1,157,30,161,-1,30,55,161,-1,161,55,141,-1,
        ]
    }
}
Shape{
    appearance Appearance {
        material  Material 	{
            diffuseColor 0.25098039215686274 0.25098039215686274 0.25098039215686274
            specularColor 0.12549019607843137 0.12549019607843137 0.12549019607843137
            ambientIntensity 0.251
            transparency 0.0
            shininess 0.5
        }
    }
    geometry IndexedFaceSet {
        ccw TRUE
        solid FALSE
        coord DEF co Coordinate {
            point [
                4.3366 -3.5787 0.6305, 4.3367 -3.5787 0.6327, 4.2597 -3.5787 0.6333, 4.3367 -3.5787 0.651, 4.2921 -3.5787 0.645, 4.2722 -3.5787 0.6405, 4.2642 -3.5787 0.6367, 4.3345 -3.5787 0.6156, 4.2557 -3.5787 0.6283, 4.3296 -3.5787 0.6037, 4.2577 -3.5787 0.5898, 4.2605 -3.5787 0.5869, 4.3182 -3.5787 0.5898, 4.2539 -3.5787 0.5954, 4.3087 -3.5787 0.5834, 4.2986 -3.5787 0.5797, 4.286 -3.5787 0.5783, 4.2528 -3.5787 0.6221, 4.2511 -3.5787 0.6144, 4.3223 -3.5787 0.5939, 4.2508 -3.5787 0.6091, 4.2517 -3.5787 0.6015, 4.2672 -3.5787 0.5823, 4.2748 -3.5787 0.5796
            ]
        }
        coordIndex [
            0,1,2,-1,1,3,4,-1,4,5,1,-1,1,5,6,-1,1,6,2,-1,0,2,7,-1,7,2,8,-1,7,8,9,-1,10,11,12,-1,10,12,13,-1,14,12,15,-1,15,12,16,-1,8,17,9,-1,9,17,18,-1,9,18,19,-1,19,18,20,-1,19,20,12,-1,12,20,21,-1,12,21,13,-1,11,22,12,-1,12,22,23,-1,12,23,16,-1,
        ]
    }
}
Shape{
    appearance Appearance {
        material  Material 	{
            diffuseColor 1.0 1.0 1.0
            specularColor 0.5019607843137255 0.5019607843137255 0.5019607843137255
            ambientIntensity 1.0
            transparency 0.0
            shininess 0.5
        }
    }
    geometry IndexedFaceSet {
        ccw TRUE
        solid FALSE
        coord DEF co Coordinate {
            point [
                4.4704 -3.5827 0.5782, 4.4704 -3.5787 0.5782, 4.4477 -3.5787 0.581, 4.4309 -3.5787 0.5878, 4.4268 -3.5827 0.5894, 4.4477 -3.5827 0.581, 4.4268 -3.5787 0.5894, 4.4154 -3.5787 0.5966, 4.4154 -3.5827 0.5966, 4.4154 -3.5827 0.5621, 4.4154 -3.5787 0.5621, 4.438 -3.5827 0.554, 4.4309 -3.5787 0.5566, 4.4671 -3.5787 0.5509, 4.4671 -3.5827 0.5509, 4.4462 -3.5787 0.5531, 4.438 -3.5787 0.554, 4.4948 -3.5827 0.5538, 4.4882 -3.5787 0.5531, 4.4948 -3.5787 0.5538, 4.513 -3.5787 0.5603, 4.513 -3.5827 0.5603, 4.5227 -3.5787 0.566, 4.5227 -3.5827 0.566, 4.5322 -3.5787 0.5744, 4.5322 -3.5827 0.5744, 4.5384 -3.5787 0.5832, 4.5384 -3.5827 0.5832, 4.5426 -3.5787 0.5938, 4.5426 -3.5827 0.5938, 4.5441 -3.5787 0.6072, 4.5441 -3.5827 0.6072, 4.5428 -3.5787 0.6197, 4.5428 -3.5827 0.6197, 4.5392 -3.5787 0.6295, 4.5392 -3.5827 0.6295, 4.533 -3.5787 0.6387, 4.533 -3.5827 0.6387, 4.525 -3.5787 0.6459, 4.525 -3.5827 0.6459, 4.5028 -3.5787 0.6582, 4.5028 -3.5827 0.6582, 4.4898 -3.5787 0.6634, 4.4898 -3.5827 0.6634, 4.4691 -3.5787 0.6725, 4.4691 -3.5827 0.6725, 4.4574 -3.5787 0.6798, 4.4574 -3.5827 0.6798, 4.4541 -3.5787 0.6834, 4.4541 -3.5827 0.6834, 4.4517 -3.5787 0.6879, 4.4517 -3.5827 0.6879, 4.4504 -3.5787 0.6931, 4.4504 -3.5827 0.6931, 4.4501 -3.5787 0.6976, 4.4501 -3.5827 0.6976, 4.4507 -3.5787 0.7029, 4.4507 -3.5827 0.7029, 4.4523 -3.5787 0.7074, 4.4523 -3.5827 0.7074, 4.4552 -3.5787 0.7117, 4.4552 -3.5827 0.7117, 4.4602 -3.5787 0.7161, 4.4602 -3.5827 0.7161, 4.4677 -3.5787 0.7201, 4.4677 -3.5827 0.7201, 4.4767 -3.5787 0.7225, 4.4767 -3.5827 0.7225, 4.4866 -3.5787 0.7232, 4.4866 -3.5827 0.7232, 4.5101 -3.5787 0.7203, 4.5101 -3.5827 0.7203, 4.529 -3.5787 0.713, 4.529 -3.5827 0.713, 4.535 -3.5787 0.7094, 4.535 -3.5827 0.7094, 4.535 -3.5827 0.7419, 4.535 -3.5787 0.7419, 4.511 -3.5787 0.7487, 4.511 -3.5827 0.7487, 4.4898 -3.5787 0.7504, 4.4898 -3.5827 0.7504, 4.4642 -3.5787 0.7474, 4.4642 -3.5827 0.7474, 4.4461 -3.5787 0.7407, 4.4461 -3.5827 0.7407, 4.437 -3.5787 0.7352, 4.437 -3.5827 0.7352, 4.4271 -3.5827 0.7263, 4.4309 -3.5787 0.7297, 4.4271 -3.5787 0.7263, 4.4209 -3.5787 0.7173, 4.4209 -3.5827 0.7173, 4.4169 -3.5787 0.7065, 4.4169 -3.5827 0.7065, 4.4156 -3.5787 0.6946, 4.4156 -3.5827 0.6946, 4.417 -3.5787 0.6816, 4.417 -3.5827 0.6816, 4.4207 -3.5787 0.6714, 4.4207 -3.5827 0.6714, 4.4251 -3.5787 0.6644, 4.4251 -3.5827 0.6644, 4.4662 -3.5787 0.6392, 4.4662 -3.5827 0.6392, 4.4463 -3.5827 0.6483, 4.4306 -3.5787 0.6587, 4.4306 -3.5827 0.6587, 4.4309 -3.5787 0.6585, 4.4463 -3.5787 0.6483, 4.4882 -3.5787 0.63, 4.4882 -3.5827 0.63, 4.5012 -3.5787 0.6221, 4.5012 -3.5827 0.6221, 4.5054 -3.5787 0.6178, 4.5054 -3.5827 0.6178, 4.508 -3.5787 0.6133, 4.508 -3.5827 0.6133, 4.5095 -3.5787 0.6081, 4.5095 -3.5827 0.6081, 4.5098 -3.5787 0.604, 4.5098 -3.5827 0.604, 4.5091 -3.5787 0.5976, 4.5091 -3.5827 0.5976, 4.5074 -3.5787 0.5928, 4.5074 -3.5827 0.5928, 4.5045 -3.5787 0.5885, 4.5045 -3.5827 0.5885, 4.5007 -3.5787 0.5851, 4.5007 -3.5827 0.5851, 4.4976 -3.5787 0.5832, 4.4976 -3.5827 0.5832, 4.489 -3.5787 0.5801, 4.489 -3.5827 0.5801, 4.4719 -3.5787 0.5782, 4.4719 -3.5827 0.5782, 4.7099 -3.5827 0.746, 4.7445 -3.5827 0.746, 4.7099 -3.5787 0.746, 4.7445 -3.5787 0.746, 4.6578 -3.5827 0.6025, 4.6578 -3.5787 0.6025, 4.6553 -3.5787 0.5936, 4.6553 -3.5827 0.5936, 4.6537 -3.5787 0.587, 4.6537 -3.5827 0.587, 4.6528 -3.5827 0.587, 4.6528 -3.5787 0.587, 4.6487 -3.5827 0.6027, 4.6487 -3.5787 0.6027, 4.5989 -3.5787 0.746, 4.5989 -3.5827 0.746, 4.6151 -3.5787 0.6996, 4.5615 -3.5827 0.746, 4.5615 -3.5787 0.746, 4.6363 -3.5787 0.5558, 4.6363 -3.5827 0.5558, 4.6151 -3.5787 0.6098, 4.6216 -3.5787 0.5211, 4.6216 -3.5827 0.5211, 4.6352 -3.5787 0.5531, 4.6151 -3.5787 0.5091, 4.6151 -3.5827 0.5091, 4.6151 -3.5787 0.5091, 4.6089 -3.5827 0.5021, 4.6089 -3.5787 0.5021, 4.6027 -3.5787 0.4979, 4.6027 -3.5827 0.4979, 4.5954 -3.5787 0.4951, 4.5954 -3.5827 0.4951, 4.5874 -3.5787 0.4942, 4.5874 -3.5827 0.4942, 4.5753 -3.5787 0.4958, 4.5753 -3.5827 0.4958, 4.5684 -3.5787 0.4981, 4.5684 -3.5827 0.4981, 4.5684 -3.5827 0.4683, 4.5684 -3.5787 0.4683, 4.5826 -3.5787 0.4659, 4.5826 -3.5827 0.4659, 4.59 -3.5787 0.4656, 4.59 -3.5827 0.4656, 4.6035 -3.5787 0.4671, 4.6035 -3.5827 0.4671, 4.6151 -3.5787 0.4715, 4.6167 -3.5827 0.4722, 4.6167 -3.5787 0.4722, 4.6284 -3.5787 0.4803, 4.6284 -3.5827 0.4803, 4.6306 -3.5787 0.4824, 4.6306 -3.5827 0.4824, 4.6429 -3.5787 0.4971, 4.6429 -3.5827 0.4971, 4.658 -3.5787 0.5266, 4.658 -3.5827 0.5266, 4.6685 -3.5787 0.5531, 4.9241 -3.5827 0.5858, 4.9241 -3.5827 0.5554, 4.9241 -3.5787 0.5858, 4.9241 -3.5787 0.5554, 4.815 -3.5787 0.5858, 4.815 -3.5827 0.5858, 4.865 -3.5787 0.5858, 4.815 -3.5827 0.6756, 4.815 -3.5787 0.6756, 4.9104 -3.5787 0.6756, 4.9104 -3.5827 0.6756, 4.865 -3.5787 0.6756, 4.9104 -3.5827 0.7062, 4.9104 -3.5787 0.7062, 4.815 -3.5787 0.7062, 4.815 -3.5827 0.7062, 4.865 -3.5787 0.7062, 4.815 -3.5827 0.7916, 4.815 -3.5787 0.7916, 4.918 -3.5787 0.7916, 4.918 -3.5827 0.7916, 4.865 -3.5787 0.7916, 4.918 -3.5827 0.8223, 4.918 -3.5787 0.8223, 4.7805 -3.5787 0.8223, 4.7805 -3.5827 0.8223, 4.865 -3.5787 0.8223, 4.7805 -3.5827 0.5554, 4.7805 -3.5787 0.5554, 4.865 -3.5787 0.5554, 5.0837 -3.5827 0.7878, 5.0605 -3.5827 0.822, 5.0493 -3.5827 0.7916, 5.0507 -3.5827 0.8223, 5.009 -3.5827 0.7916, 4.9745 -3.5827 0.8223, 5.009 -3.5827 0.5858, 4.9745 -3.5827 0.5554, 5.0477 -3.5827 0.5858, 5.0479 -3.5827 0.5554, 5.0842 -3.5827 0.5901, 5.0929 -3.5827 0.5608, 5.1064 -3.5827 0.5986, 5.1234 -3.5827 0.5726, 5.1237 -3.5827 0.6105, 5.1516 -3.5827 0.5928, 5.1271 -3.5827 0.6136, 5.1409 -3.5827 0.631, 5.1694 -3.5827 0.6134, 5.1499 -3.5827 0.651, 5.1834 -3.5827 0.6406, 5.1548 -3.5827 0.6758, 5.1906 -3.5827 0.6712, 5.1556 -3.5827 0.6913, 5.1918 -3.5827 0.6922, 5.1526 -3.5827 0.7206, 5.1874 -3.5827 0.7287, 5.1456 -3.5827 0.7412, 5.1776 -3.5827 0.7542, 5.1357 -3.5827 0.7568, 5.1612 -3.5827 0.7775, 5.1263 -3.5827 0.7665, 5.1516 -3.5827 0.7869, 5.1069 -3.5827 0.7794, 5.1283 -3.5827 0.8035, 5.0968 -3.5827 0.8164, 5.0479 -3.5787 0.5554, 4.9745 -3.5787 0.5554, 5.0929 -3.5787 0.5608, 5.1234 -3.5787 0.5726, 5.1516 -3.5787 0.5928, 5.1694 -3.5787 0.6134, 5.1834 -3.5787 0.6406, 5.1906 -3.5787 0.6712, 5.1918 -3.5787 0.6922, 5.1874 -3.5787 0.7287, 5.1776 -3.5787 0.7542, 5.1612 -3.5787 0.7775, 5.1516 -3.5787 0.7869, 5.1283 -3.5787 0.8035, 5.0968 -3.5787 0.8164, 5.0605 -3.5787 0.822, 5.0507 -3.5787 0.8223, 4.9745 -3.5787 0.8223, 5.0493 -3.5787 0.7916, 5.009 -3.5787 0.7916, 5.009 -3.5787 0.5858, 5.0477 -3.5787 0.5858, 5.1271 -3.5787 0.6136, 5.1237 -3.5787 0.6105, 5.1064 -3.5787 0.5986, 5.0842 -3.5787 0.5901, 5.1556 -3.5787 0.6913, 5.1548 -3.5787 0.6758, 5.1499 -3.5787 0.651, 5.1409 -3.5787 0.631, 5.1263 -3.5787 0.7665, 5.1357 -3.5787 0.7568, 5.1456 -3.5787 0.7412, 5.1526 -3.5787 0.7206, 5.0837 -3.5787 0.7878, 5.1069 -3.5787 0.7794
            ]
        }
        coordIndex [
            0,1,2,-1,3,4,2,-1,2,4,5,-1,2,5,0,-1,3,6,4,-1,4,6,7,-1,4,7,8,-1,9,8,10,-1,10,8,7,-1,9,10,11,-1,11,10,12,-1,13,14,15,-1,15,14,11,-1,15,11,16,-1,16,11,12,-1,14,13,17,-1,17,13,18,-1,18,19,17,-1,17,19,20,-1,17,20,21,-1,21,20,22,-1,21,22,23,-1,23,22,24,-1,23,24,25,-1,25,24,26,-1,25,26,27,-1,27,26,28,-1,27,28,29,-1,29,28,30,-1,29,30,31,-1,31,30,32,-1,31,32,33,-1,33,32,34,-1,33,34,35,-1,35,34,36,-1,35,36,37,-1,37,36,38,-1,37,38,39,-1,39,38,40,-1,39,40,41,-1,41,40,42,-1,41,42,43,-1,43,42,44,-1,43,44,45,-1,45,44,46,-1,45,46,47,-1,47,46,48,-1,47,48,49,-1,49,48,50,-1,49,50,51,-1,51,50,52,-1,51,52,53,-1,53,52,54,-1,53,54,55,-1,55,54,56,-1,55,56,57,-1,57,56,58,-1,57,58,59,-1,59,58,60,-1,59,60,61,-1,61,60,62,-1,61,62,63,-1,63,62,64,-1,63,64,65,-1,65,64,66,-1,65,66,67,-1,67,66,68,-1,67,68,69,-1,69,68,70,-1,69,70,71,-1,71,70,72,-1,71,72,73,-1,73,72,74,-1,73,74,75,-1,76,75,77,-1,77,75,74,-1,76,77,78,-1,76,78,79,-1,79,78,80,-1,79,80,81,-1,81,80,82,-1,81,82,83,-1,83,82,84,-1,83,84,85,-1,85,84,86,-1,85,86,87,-1,87,86,88,-1,88,86,89,-1,89,90,88,-1,88,90,91,-1,88,91,92,-1,92,91,93,-1,92,93,94,-1,94,93,95,-1,94,95,96,-1,96,95,97,-1,96,97,98,-1,98,97,99,-1,98,99,100,-1,100,99,101,-1,100,101,102,-1,103,104,105,-1,102,101,106,-1,102,106,107,-1,107,106,108,-1,107,108,105,-1,105,108,109,-1,105,109,103,-1,104,103,110,-1,104,110,111,-1,111,110,112,-1,111,112,113,-1,113,112,114,-1,113,114,115,-1,115,114,116,-1,115,116,117,-1,117,116,118,-1,117,118,119,-1,119,118,120,-1,119,120,121,-1,121,120,122,-1,121,122,123,-1,123,122,124,-1,123,124,125,-1,125,124,126,-1,125,126,127,-1,127,126,128,-1,127,128,129,-1,129,128,130,-1,129,130,131,-1,131,130,132,-1,131,132,133,-1,133,132,134,-1,133,134,135,-1,135,134,1,-1,135,1,0,-1,61,63,85,-1,85,63,83,-1,111,43,104,-1,104,43,45,-1,14,0,11,-1,11,0,5,-1,11,5,9,-1,9,5,4,-1,9,4,8,-1,63,65,83,-1,83,65,67,-1,83,67,81,-1,81,67,69,-1,81,69,79,-1,79,69,71,-1,79,71,76,-1,76,71,73,-1,76,73,75,-1,21,23,127,-1,127,23,25,-1,127,25,125,-1,125,25,27,-1,125,27,123,-1,123,27,29,-1,123,29,121,-1,121,29,31,-1,121,31,119,-1,119,31,33,-1,119,33,117,-1,117,33,35,-1,117,35,115,-1,115,35,37,-1,115,37,113,-1,113,37,39,-1,113,39,111,-1,111,39,41,-1,111,41,43,-1,127,129,21,-1,21,129,131,-1,21,131,17,-1,17,131,133,-1,17,133,14,-1,14,133,135,-1,14,135,0,-1,85,87,61,-1,61,87,88,-1,61,88,59,-1,59,88,92,-1,59,92,57,-1,57,92,94,-1,57,94,55,-1,55,94,96,-1,55,96,53,-1,53,96,98,-1,53,98,51,-1,51,98,100,-1,51,100,49,-1,49,100,102,-1,49,102,47,-1,47,102,107,-1,47,107,45,-1,45,107,105,-1,45,105,104,-1,136,137,138,-1,138,137,139,-1,140,136,141,-1,141,136,138,-1,140,141,142,-1,140,142,143,-1,143,142,144,-1,143,144,145,-1,146,145,147,-1,147,145,144,-1,148,146,149,-1,149,146,147,-1,150,151,152,-1,152,151,148,-1,152,148,149,-1,153,151,154,-1,154,151,150,-1,155,156,157,-1,157,156,153,-1,157,153,154,-1,158,159,160,-1,160,159,156,-1,160,156,155,-1,159,158,161,-1,159,161,162,-1,162,161,163,-1,162,163,164,-1,163,165,164,-1,164,165,166,-1,164,166,167,-1,167,166,168,-1,167,168,169,-1,169,168,170,-1,169,170,171,-1,171,170,172,-1,171,172,173,-1,173,172,174,-1,173,174,175,-1,176,175,177,-1,177,175,174,-1,176,177,178,-1,176,178,179,-1,179,178,180,-1,179,180,181,-1,181,180,182,-1,181,182,183,-1,183,182,184,-1,183,184,185,-1,184,186,185,-1,185,186,187,-1,185,187,188,-1,188,187,189,-1,188,189,190,-1,190,189,191,-1,190,191,192,-1,192,191,193,-1,192,193,194,-1,139,137,195,-1,195,137,194,-1,195,194,193,-1,143,145,194,-1,137,136,194,-1,194,136,140,-1,194,140,143,-1,151,153,148,-1,148,153,156,-1,148,156,146,-1,192,162,190,-1,190,162,164,-1,175,176,173,-1,173,176,179,-1,173,179,171,-1,171,179,181,-1,171,181,169,-1,169,181,183,-1,169,183,167,-1,167,183,185,-1,167,185,164,-1,164,185,188,-1,164,188,190,-1,145,146,194,-1,194,146,156,-1,194,156,192,-1,192,156,159,-1,192,159,162,-1,196,197,198,-1,198,197,199,-1,200,201,202,-1,202,201,196,-1,202,196,198,-1,203,201,204,-1,204,201,200,-1,205,206,207,-1,207,206,203,-1,207,203,204,-1,208,206,209,-1,209,206,205,-1,210,211,212,-1,212,211,208,-1,212,208,209,-1,213,211,214,-1,214,211,210,-1,215,216,217,-1,217,216,213,-1,217,213,214,-1,218,216,219,-1,219,216,215,-1,220,221,222,-1,222,221,218,-1,222,218,219,-1,223,221,224,-1,224,221,220,-1,199,197,225,-1,225,197,223,-1,225,223,224,-1,223,197,196,-1,196,201,223,-1,223,201,203,-1,223,203,221,-1,216,218,213,-1,213,218,221,-1,213,221,211,-1,211,221,203,-1,211,203,208,-1,208,203,206,-1,226,227,228,-1,228,227,229,-1,228,229,230,-1,230,229,231,-1,230,231,232,-1,232,231,233,-1,232,233,234,-1,234,233,235,-1,234,235,236,-1,236,235,237,-1,236,237,238,-1,238,237,239,-1,238,239,240,-1,240,239,241,-1,240,241,242,-1,242,241,243,-1,243,241,244,-1,243,244,245,-1,245,244,246,-1,245,246,247,-1,247,246,248,-1,247,248,249,-1,249,248,250,-1,249,250,251,-1,251,250,252,-1,251,252,253,-1,253,252,254,-1,253,254,255,-1,255,254,256,-1,255,256,257,-1,257,256,258,-1,257,258,259,-1,259,258,260,-1,259,260,226,-1,226,260,261,-1,226,261,227,-1,235,233,262,-1,262,233,263,-1,235,262,264,-1,235,264,237,-1,237,264,265,-1,237,265,239,-1,239,265,266,-1,239,266,241,-1,241,266,267,-1,241,267,244,-1,244,267,268,-1,244,268,246,-1,246,268,269,-1,246,269,248,-1,248,269,270,-1,248,270,250,-1,250,270,271,-1,250,271,252,-1,252,271,272,-1,252,272,254,-1,254,272,273,-1,254,273,256,-1,256,273,274,-1,256,274,258,-1,258,274,275,-1,258,275,260,-1,260,275,276,-1,260,276,261,-1,261,276,277,-1,261,277,227,-1,227,277,278,-1,227,278,229,-1,231,229,279,-1,279,229,278,-1,233,231,263,-1,263,231,279,-1,228,230,280,-1,280,230,281,-1,230,232,281,-1,281,232,282,-1,232,234,282,-1,282,234,283,-1,242,284,285,-1,242,285,240,-1,240,285,286,-1,240,286,238,-1,238,286,287,-1,238,287,236,-1,236,287,283,-1,236,283,234,-1,249,288,289,-1,249,289,247,-1,247,289,290,-1,247,290,245,-1,245,290,291,-1,245,291,243,-1,243,291,284,-1,243,284,242,-1,257,292,293,-1,257,293,255,-1,255,293,294,-1,255,294,253,-1,253,294,295,-1,253,295,251,-1,251,295,288,-1,251,288,249,-1,228,280,296,-1,228,296,226,-1,226,296,297,-1,226,297,259,-1,259,297,292,-1,259,292,257,-1,
        ]
    }
}
Shape{
    appearance Appearance {
        material  Material 	{
            diffuseColor 0.25098039215686274 0.25098039215686274 0.25098039215686274
            specularColor 0.12549019607843137 0.12549019607843137 0.12549019607843137
            ambientIntensity 0.251
            transparency 0.0
            shininess 0.5
        }
    }
    geometry IndexedFaceSet {
        ccw TRUE
        solid FALSE
        coord DEF co Coordinate {
            point [
                5.009 -3.5787 0.7916, 5.009 -3.5787 0.5858, 5.0493 -3.5787 0.7916, 5.0477 -3.5787 0.5858, 5.0842 -3.5787 0.5901, 5.1064 -3.5787 0.5986, 5.1237 -3.5787 0.6105, 5.1271 -3.5787 0.6136, 5.1548 -3.5787 0.6758, 5.1556 -3.5787 0.6913, 5.1526 -3.5787 0.7206, 5.1456 -3.5787 0.7412, 5.1357 -3.5787 0.7568, 5.1263 -3.5787 0.7665, 5.0837 -3.5787 0.7878, 5.1069 -3.5787 0.7794, 5.1409 -3.5787 0.631, 5.1499 -3.5787 0.651
            ]
        }
        coordIndex [
            0,1,2,-1,2,1,3,-1,2,3,4,-1,4,5,2,-1,2,5,6,-1,2,6,7,-1,8,9,2,-1,2,9,10,-1,2,10,11,-1,11,12,2,-1,2,12,13,-1,2,13,14,-1,14,13,15,-1,7,16,2,-1,2,16,17,-1,2,17,8,-1,
        ]
    }
}
Shape{
    appearance Appearance {
        material  Material 	{
            diffuseColor 1.0 1.0 1.0
            specularColor 0.5019607843137255 0.5019607843137255 0.5019607843137255
            ambientIntensity 1.0
            transparency 0.0
            shininess 0.5
        }
    }
    geometry IndexedFaceSet {
        ccw TRUE
        solid FALSE
        coord DEF co Coordinate {
            point [
                5.2813 -3.5827 0.6585, 5.2703 -3.5827 0.6284, 5.3708 -3.5827 0.6585, 5.3815 -3.5827 0.6284, 5.3212 -3.5827 0.7695, 5.3083 -3.5827 0.8223, 5.2066 -3.5827 0.5554, 5.2447 -3.5827 0.5554, 5.3235 -3.5827 0.7774, 5.3255 -3.5827 0.7882, 5.3451 -3.5827 0.8223, 5.3264 -3.5827 0.7882, 5.3285 -3.5827 0.7769, 5.3305 -3.5827 0.7695, 5.4468 -3.5827 0.5554, 5.4087 -3.5827 0.5554, 5.3451 -3.5787 0.8223, 5.4468 -3.5787 0.5554, 5.3083 -3.5787 0.8223, 5.2066 -3.5787 0.5554, 5.2447 -3.5787 0.5554, 5.2703 -3.5787 0.6284, 5.3815 -3.5787 0.6284, 5.4087 -3.5787 0.5554, 5.2813 -3.5787 0.6585, 5.3708 -3.5787 0.6585, 5.3305 -3.5787 0.7695, 5.3264 -3.5787 0.7882, 5.3285 -3.5787 0.7769, 5.3255 -3.5787 0.7882, 5.3212 -3.5787 0.7695, 5.3235 -3.5787 0.7774
            ]
        }
        coordIndex [
            0,1,2,-1,2,1,3,-1,4,5,0,-1,0,5,6,-1,0,6,1,-1,1,6,7,-1,4,8,5,-1,5,8,9,-1,5,9,10,-1,10,9,11,-1,10,11,12,-1,12,13,10,-1,10,13,2,-1,10,2,14,-1,14,2,3,-1,14,3,15,-1,10,14,16,-1,16,14,17,-1,5,10,18,-1,18,10,16,-1,6,5,19,-1,19,5,18,-1,7,6,20,-1,20,6,19,-1,1,7,21,-1,21,7,20,-1,3,1,22,-1,22,1,21,-1,15,3,23,-1,23,3,22,-1,14,15,17,-1,17,15,23,-1,0,2,24,-1,24,2,25,-1,2,13,25,-1,25,13,26,-1,11,27,28,-1,11,28,12,-1,12,28,26,-1,12,26,13,-1,11,9,27,-1,27,9,29,-1,4,30,31,-1,4,31,8,-1,8,31,29,-1,8,29,9,-1,4,0,30,-1,30,0,24,-1,
        ]
    }
}
Shape{
    appearance Appearance {
        material  Material 	{
            diffuseColor 0.25098039215686274 0.25098039215686274 0.25098039215686274
            specularColor 0.12549019607843137 0.12549019607843137 0.12549019607843137
            ambientIntensity 0.251
            transparency 0.0
            shininess 0.5
        }
    }
    geometry IndexedFaceSet {
        ccw TRUE
        solid FALSE
        coord DEF co Coordinate {
            point [
                5.3264 -3.5787 0.7882, 5.3255 -3.5787 0.7882, 5.3285 -3.5787 0.7769, 5.3235 -3.5787 0.7774, 5.3305 -3.5787 0.7695, 5.3212 -3.5787 0.7695, 5.3708 -3.5787 0.6585, 5.2813 -3.5787 0.6585
            ]
        }
        coordIndex [
            0,1,2,-1,2,1,3,-1,2,3,4,-1,4,3,5,-1,4,5,6,-1,6,5,7,-1,
        ]
    }
}
Shape{
    appearance Appearance {
        material  Material 	{
            diffuseColor 1.0 1.0 1.0
            specularColor 0.5019607843137255 0.5019607843137255 0.5019607843137255
            ambientIntensity 1.0
            transparency 0.0
            shininess 0.5
        }
    }
    geometry IndexedFaceSet {
        ccw TRUE
        solid FALSE
        coord DEF co Coordinate {
            point [
                2.8124 -3.5827 1.015, 2.8546 -3.5827 1.0375, 2.8448 -3.5827 1.1543, 3.179 -3.5827 0.5099, 3.2015 -3.5827 0.5522, 3.2126 -3.5827 0.599, 2.9632 -3.5827 1.1598, 3.022 -3.5827 1.0213, 3.051 -3.5827 1.0813, 2.9517 -3.5827 0.5938, 2.9482 -3.5827 0.6116, 2.8455 -3.5827 0.6854, 2.8436 -3.5827 0.5582, 2.8196 -3.5827 0.5654, 2.8041 -3.5827 0.7109, 2.9195 -3.5827 1.1636, 3.4793 -3.5827 0.7784, 3.4205 -3.5827 0.8789, 3.2137 -3.5827 0.6379, 3.1662 -3.5827 0.7461, 3.2137 -3.5827 0.619, 3.1122 -3.5827 0.4512, 3.15 -3.5827 0.4775, 2.9592 -3.5827 0.5779, 2.891 -3.5827 0.4826, 2.8627 -3.5827 0.5175, 3.542 -3.5827 0.9662, 3.5571 -3.5827 0.9662, 3.6349 -3.5827 1.0687, 3.5933 -3.5827 0.9618, 3.6442 -3.5827 1.0656, 3.6264 -3.5827 0.949, 3.7007 -3.5827 1.0376, 3.7521 -3.5827 0.9941, 3.0021 -3.5827 1.2051, 3.0936 -3.5827 1.1322, 3.0467 -3.5827 1.2433, 3.1444 -3.5827 1.1693, 3.0931 -3.5827 1.272, 2.9015 -3.5827 1.0487, 2.9214 -3.5827 1.0497, 2.9414 -3.5827 1.1624, 2.9662 -3.5827 1.0442, 3.0087 -3.5827 1.0285, 3.0822 -3.5827 0.5741, 3.0719 -3.5827 0.5624, 3.0575 -3.5827 0.5521, 3.0699 -3.5827 0.4349, 3.041 -3.5827 0.5455, 3.0239 -3.5827 0.4292, 3.022 -3.5827 0.5431, 3.0167 -3.5827 0.4293, 3.0188 -3.5827 0.5431, 2.9719 -3.5827 0.4363, 3.0017 -3.5827 0.5459, 2.9281 -3.5827 0.4547, 2.9846 -3.5827 0.5533, 2.9701 -3.5827 0.5644, 3.0912 -3.5827 0.6435, 3.0955 -3.5827 0.6259, 3.0955 -3.5827 0.6086, 3.091 -3.5827 0.5904, 3.7526 -3.5827 0.6398, 3.6642 -3.5827 0.7153, 3.701 -3.5827 0.5962, 3.6362 -3.5827 0.6923, 3.6431 -3.5827 0.5678, 3.6027 -3.5827 0.6768, 3.5799 -3.5827 0.5544, 3.5685 -3.5827 0.6702, 3.468 -3.5827 0.5544, 3.4831 -3.5827 0.6702, 3.4573 -3.5827 0.5562, 2.9491 -3.5827 0.6301, 2.9547 -3.5827 0.648, 2.8665 -3.5827 0.7261, 2.9645 -3.5827 0.6637, 2.8978 -3.5827 0.762, 2.972 -3.5827 0.6716, 2.9366 -3.5827 0.789, 2.9869 -3.5827 0.6822, 2.9785 -3.5827 0.805, 3.0035 -3.5827 0.6887, 3.0239 -3.5827 0.8106, 3.022 -3.5827 0.6911, 3.0469 -3.5827 0.8093, 3.0378 -3.5827 0.6894, 3.0927 -3.5827 0.7979, 3.0554 -3.5827 0.6831, 3.133 -3.5827 0.7763, 3.0707 -3.5827 0.6727, 3.0829 -3.5827 0.6591, 3.6558 -3.5827 0.9284, 3.6775 -3.5827 0.9042, 3.7909 -3.5827 0.9401, 3.6952 -3.5827 0.8715, 3.8141 -3.5827 0.8821, 3.7042 -3.5827 0.8351, 3.8228 -3.5827 0.8201, 3.7052 -3.5827 0.8182, 3.8141 -3.5827 0.7524, 3.7006 -3.5827 0.7812, 3.7903 -3.5827 0.6924, 3.6875 -3.5827 0.7474, 3.6666 -3.5827 0.7178, 3.5325 -3.5827 1.2186, 3.4581 -3.5827 1.1315, 3.5955 -3.5827 1.1456, 3.5009 -3.5827 1.0804, 3.5303 -3.5827 1.0193, 2.7373 -3.5827 0.906, 2.6127 -3.5827 0.8743, 2.7317 -3.5827 0.86, 2.6121 -3.5827 0.8562, 2.734 -3.5827 0.8305, 2.6213 -3.5827 0.7818, 2.7476 -3.5827 0.7841, 2.6485 -3.5827 0.7111, 2.7701 -3.5827 0.7459, 2.6918 -3.5827 0.6493, 2.751 -3.5827 0.5988, 3.1806 -3.5827 1.3057, 3.2064 -3.5827 1.1944, 3.2744 -3.5827 1.3173, 3.2763 -3.5827 1.2034, 3.3546 -3.5827 1.3086, 3.3407 -3.5827 1.1955, 3.4497 -3.5827 1.2746, 3.4002 -3.5827 1.1727, 3.4535 -3.5827 1.1357, 2.7745 -3.5827 1.127, 2.7141 -3.5827 1.0846, 2.7799 -3.5827 0.9861, 2.7013 -3.5827 1.0725, 2.7536 -3.5827 0.9483, 2.6557 -3.5827 1.014, 2.6254 -3.5827 0.9457, 3.4736 -3.5827 0.672, 3.428 -3.5827 0.5744, 3.4324 -3.5827 0.5699, 3.4793 -3.5827 0.6707, 3.4447 -3.5827 0.5611, 3.4129 -3.5827 0.6133, 3.4147 -3.5827 0.5991, 3.4197 -3.5827 0.5863, 3.457 -3.5827 0.6702, 3.444 -3.5827 0.6651, 3.4134 -3.5827 0.6208, 3.4324 -3.5827 0.6568, 3.4245 -3.5827 0.6482, 3.4172 -3.5827 0.6352, 3.4717 -3.5827 0.6721, 3.8228 -3.5787 0.8201, 3.8141 -3.5787 0.8821, 3.7647 -3.5787 0.9765, 3.8076 -3.5787 0.8983, 3.7909 -3.5787 0.9401, 3.7521 -3.5787 0.9941, 3.7007 -3.5787 1.0376, 3.6442 -3.5787 1.0656, 3.6349 -3.5787 1.0687, 3.5955 -3.5787 1.1456, 3.5325 -3.5787 1.2186, 3.4891 -3.5787 1.2479, 3.4497 -3.5787 1.2746, 3.3546 -3.5787 1.3086, 3.2744 -3.5787 1.3173, 3.1806 -3.5787 1.3057, 3.0931 -3.5787 1.272, 3.0542 -3.5787 1.2479, 3.0467 -3.5787 1.2433, 3.0021 -3.5787 1.2051, 2.9632 -3.5787 1.1598, 2.9414 -3.5787 1.1624, 2.9195 -3.5787 1.1636, 2.8448 -3.5787 1.1543, 2.7745 -3.5787 1.127, 2.7141 -3.5787 1.0846, 2.7013 -3.5787 1.0725, 2.6121 -3.5787 0.8562, 2.6557 -3.5787 1.014, 2.6391 -3.5787 0.9765, 2.6254 -3.5787 0.9457, 2.6169 -3.5787 0.8983, 2.6127 -3.5787 0.8743, 2.6213 -3.5787 0.7818, 2.6485 -3.5787 0.7111, 2.6918 -3.5787 0.6493, 2.751 -3.5787 0.5988, 2.8196 -3.5787 0.5654, 2.8436 -3.5787 0.5582, 2.846 -3.5787 0.5531, 2.8627 -3.5787 0.5175, 2.891 -3.5787 0.4826, 2.9281 -3.5787 0.4547, 2.9454 -3.5787 0.4474, 2.9719 -3.5787 0.4363, 3.0167 -3.5787 0.4293, 3.0239 -3.5787 0.4292, 3.2137 -3.5787 0.619, 3.0699 -3.5787 0.4349, 3.1025 -3.5787 0.4474, 3.1122 -3.5787 0.4512, 3.15 -3.5787 0.4775, 3.179 -3.5787 0.5099, 3.2015 -3.5787 0.5522, 3.2017 -3.5787 0.5531, 3.2126 -3.5787 0.599, 3.2137 -3.5787 0.6379, 3.4793 -3.5787 0.7784, 3.4205 -3.5787 0.8789, 3.1662 -3.5787 0.7461, 3.133 -3.5787 0.7763, 3.0927 -3.5787 0.7979, 3.0469 -3.5787 0.8093, 3.0239 -3.5787 0.8106, 2.9785 -3.5787 0.805, 2.9366 -3.5787 0.789, 2.8978 -3.5787 0.762, 2.8665 -3.5787 0.7261, 2.8455 -3.5787 0.6854, 2.8041 -3.5787 0.7109, 2.7701 -3.5787 0.7459, 2.7476 -3.5787 0.7841, 2.734 -3.5787 0.8305, 2.7317 -3.5787 0.86, 2.7364 -3.5787 0.8983, 2.7373 -3.5787 0.906, 2.7536 -3.5787 0.9483, 2.7733 -3.5787 0.9765, 2.7799 -3.5787 0.9861, 2.8124 -3.5787 1.015, 2.8546 -3.5787 1.0375, 2.9015 -3.5787 1.0487, 2.9214 -3.5787 1.0497, 2.9662 -3.5787 1.0442, 3.0087 -3.5787 1.0285, 3.022 -3.5787 1.0213, 3.051 -3.5787 1.0813, 3.0936 -3.5787 1.1322, 3.1444 -3.5787 1.1693, 3.2064 -3.5787 1.1944, 3.2763 -3.5787 1.2034, 3.3407 -3.5787 1.1955, 3.4002 -3.5787 1.1727, 3.4535 -3.5787 1.1357, 3.4581 -3.5787 1.1315, 3.5009 -3.5787 1.0804, 3.5303 -3.5787 1.0193, 3.5397 -3.5787 0.9765, 3.542 -3.5787 0.9662, 3.5571 -3.5787 0.9662, 3.5933 -3.5787 0.9618, 3.6264 -3.5787 0.949, 3.6558 -3.5787 0.9284, 3.6775 -3.5787 0.9042, 3.6807 -3.5787 0.8983, 3.6952 -3.5787 0.8715, 3.7042 -3.5787 0.8351, 3.7052 -3.5787 0.8182, 3.7006 -3.5787 0.7812, 3.6875 -3.5787 0.7474, 3.6666 -3.5787 0.7178, 3.6642 -3.5787 0.7153, 3.6362 -3.5787 0.6923, 3.6027 -3.5787 0.6768, 3.5685 -3.5787 0.6702, 3.4831 -3.5787 0.6702, 3.4793 -3.5787 0.6707, 3.4736 -3.5787 0.672, 3.4717 -3.5787 0.6721, 3.457 -3.5787 0.6702, 3.444 -3.5787 0.6651, 3.4324 -3.5787 0.6568, 3.4245 -3.5787 0.6482, 3.4172 -3.5787 0.6352, 3.4134 -3.5787 0.6208, 3.4129 -3.5787 0.6133, 3.4147 -3.5787 0.5991, 3.4197 -3.5787 0.5863, 3.428 -3.5787 0.5744, 3.4324 -3.5787 0.5699, 3.4447 -3.5787 0.5611, 3.4573 -3.5787 0.5562, 3.468 -3.5787 0.5544, 3.5799 -3.5787 0.5544, 3.6431 -3.5787 0.5678, 3.701 -3.5787 0.5962, 3.7526 -3.5787 0.6398, 3.7903 -3.5787 0.6924, 3.8141 -3.5787 0.7524, 3.022 -3.5787 0.6911, 3.0378 -3.5787 0.6894, 3.0554 -3.5787 0.6831, 3.0707 -3.5787 0.6727, 3.0829 -3.5787 0.6591, 3.0912 -3.5787 0.6435, 3.0955 -3.5787 0.6259, 3.0955 -3.5787 0.6086, 3.091 -3.5787 0.5904, 3.0822 -3.5787 0.5741, 3.0719 -3.5787 0.5624, 3.0575 -3.5787 0.5521, 3.041 -3.5787 0.5455, 3.022 -3.5787 0.5431, 3.0188 -3.5787 0.5431, 3.0017 -3.5787 0.5459, 2.9846 -3.5787 0.5533, 2.9701 -3.5787 0.5644, 2.9592 -3.5787 0.5779, 2.9517 -3.5787 0.5938, 2.9482 -3.5787 0.6116, 2.9491 -3.5787 0.6301, 2.9547 -3.5787 0.648, 2.9645 -3.5787 0.6637, 2.972 -3.5787 0.6716, 2.9869 -3.5787 0.6822, 3.0035 -3.5787 0.6887
            ]
        }
        coordIndex [
            0,1,2,-1,3,4,5,-1,6,7,8,-1,9,10,11,-1,12,11,13,-1,13,11,14,-1,2,1,15,-1,16,17,18,-1,18,17,19,-1,18,19,20,-1,20,19,21,-1,20,21,5,-1,5,21,22,-1,5,22,3,-1,23,9,24,-1,24,9,11,-1,24,11,25,-1,25,11,12,-1,26,27,28,-1,28,27,29,-1,28,29,30,-1,30,29,31,-1,30,31,32,-1,32,31,33,-1,6,8,34,-1,34,8,35,-1,34,35,36,-1,36,35,37,-1,36,37,38,-1,1,39,15,-1,15,39,40,-1,15,40,41,-1,41,40,42,-1,41,42,6,-1,6,42,43,-1,6,43,7,-1,44,45,21,-1,21,45,46,-1,21,46,47,-1,47,46,48,-1,47,48,49,-1,49,48,50,-1,49,50,51,-1,51,50,52,-1,51,52,53,-1,53,52,54,-1,53,54,55,-1,55,54,56,-1,55,56,24,-1,24,56,57,-1,24,57,23,-1,58,59,19,-1,19,59,60,-1,19,60,21,-1,21,60,61,-1,21,61,44,-1,62,63,64,-1,64,63,65,-1,64,65,66,-1,66,65,67,-1,66,67,68,-1,68,67,69,-1,68,69,70,-1,70,69,71,-1,70,71,72,-1,10,73,11,-1,11,73,74,-1,11,74,75,-1,75,74,76,-1,75,76,77,-1,77,76,78,-1,77,78,79,-1,79,78,80,-1,79,80,81,-1,81,80,82,-1,81,82,83,-1,83,82,84,-1,83,84,85,-1,85,84,86,-1,85,86,87,-1,87,86,88,-1,87,88,89,-1,89,88,90,-1,89,90,19,-1,19,90,91,-1,19,91,58,-1,31,92,33,-1,33,92,93,-1,33,93,94,-1,94,93,95,-1,94,95,96,-1,96,95,97,-1,96,97,98,-1,98,97,99,-1,98,99,100,-1,100,99,101,-1,100,101,102,-1,102,101,103,-1,102,103,62,-1,62,103,104,-1,62,104,63,-1,105,106,107,-1,107,106,108,-1,107,108,28,-1,28,108,109,-1,28,109,26,-1,110,111,112,-1,112,111,113,-1,112,113,114,-1,114,113,115,-1,114,115,116,-1,116,115,117,-1,116,117,118,-1,118,117,119,-1,118,119,14,-1,14,119,120,-1,14,120,13,-1,38,37,121,-1,121,37,122,-1,121,122,123,-1,123,122,124,-1,123,124,125,-1,125,124,126,-1,125,126,127,-1,127,126,128,-1,127,128,105,-1,105,128,129,-1,105,129,106,-1,2,130,0,-1,0,130,131,-1,0,131,132,-1,132,131,133,-1,132,133,134,-1,134,133,135,-1,134,135,110,-1,110,135,136,-1,110,136,111,-1,137,138,139,-1,71,140,72,-1,72,140,137,-1,72,137,141,-1,141,137,139,-1,142,143,137,-1,137,143,144,-1,137,144,138,-1,145,146,147,-1,146,148,147,-1,147,148,149,-1,147,149,150,-1,142,137,147,-1,147,137,151,-1,147,151,145,-1,98,152,153,-1,154,33,94,-1,98,153,96,-1,96,153,155,-1,96,155,94,-1,94,155,156,-1,94,156,154,-1,154,157,33,-1,33,157,158,-1,33,158,32,-1,32,158,159,-1,32,159,30,-1,30,159,160,-1,30,160,28,-1,28,160,161,-1,28,161,107,-1,107,161,162,-1,107,162,105,-1,127,105,163,-1,163,105,162,-1,163,164,127,-1,127,164,165,-1,127,165,125,-1,125,165,166,-1,125,166,123,-1,123,166,167,-1,123,167,121,-1,121,167,168,-1,121,168,38,-1,38,168,36,-1,36,168,169,-1,36,169,170,-1,36,170,171,-1,36,171,34,-1,34,171,172,-1,34,172,6,-1,6,172,173,-1,6,173,41,-1,41,173,174,-1,41,174,15,-1,15,174,175,-1,15,175,2,-1,2,175,176,-1,2,176,130,-1,130,176,177,-1,130,177,131,-1,131,177,178,-1,131,178,133,-1,179,113,111,-1,133,178,180,-1,133,180,135,-1,135,180,181,-1,135,181,136,-1,181,182,136,-1,136,182,183,-1,136,183,111,-1,111,183,184,-1,111,184,179,-1,113,179,185,-1,113,185,115,-1,115,185,186,-1,115,186,117,-1,117,186,187,-1,117,187,119,-1,119,187,188,-1,119,188,120,-1,120,188,189,-1,120,189,13,-1,13,189,190,-1,13,190,12,-1,12,190,191,-1,12,191,25,-1,191,192,25,-1,25,192,193,-1,25,193,24,-1,24,193,194,-1,24,194,55,-1,55,194,195,-1,55,195,53,-1,195,196,53,-1,53,196,197,-1,53,197,51,-1,51,197,198,-1,51,198,49,-1,199,20,5,-1,49,198,200,-1,201,21,200,-1,200,21,47,-1,200,47,49,-1,201,202,21,-1,21,202,203,-1,21,203,22,-1,22,203,204,-1,22,204,3,-1,3,204,205,-1,3,205,4,-1,4,205,206,-1,4,206,5,-1,5,206,207,-1,5,207,199,-1,18,20,208,-1,208,20,199,-1,16,18,209,-1,209,18,208,-1,17,16,210,-1,210,16,209,-1,19,17,211,-1,211,17,210,-1,19,211,212,-1,19,212,89,-1,89,212,213,-1,89,213,87,-1,87,213,214,-1,87,214,85,-1,85,214,215,-1,85,215,83,-1,83,215,216,-1,83,216,81,-1,81,216,217,-1,81,217,79,-1,79,217,218,-1,79,218,77,-1,77,218,219,-1,77,219,75,-1,75,219,220,-1,75,220,11,-1,11,220,221,-1,11,221,14,-1,14,221,222,-1,14,222,118,-1,118,222,223,-1,118,223,116,-1,116,223,224,-1,116,224,114,-1,114,224,225,-1,114,225,112,-1,110,112,225,-1,225,226,110,-1,110,226,227,-1,110,227,228,-1,229,132,228,-1,228,132,134,-1,228,134,110,-1,229,230,132,-1,132,230,231,-1,132,231,0,-1,0,231,232,-1,0,232,1,-1,1,232,233,-1,1,233,39,-1,39,233,234,-1,39,234,40,-1,40,234,235,-1,40,235,42,-1,42,235,236,-1,42,236,43,-1,43,236,237,-1,43,237,7,-1,7,237,238,-1,7,238,8,-1,8,238,239,-1,8,239,35,-1,35,239,240,-1,35,240,37,-1,37,240,241,-1,37,241,122,-1,122,241,242,-1,122,242,124,-1,124,242,243,-1,124,243,126,-1,126,243,244,-1,126,244,128,-1,128,244,245,-1,128,245,129,-1,129,245,246,-1,129,246,106,-1,106,246,247,-1,106,247,108,-1,108,247,248,-1,108,248,109,-1,109,248,26,-1,26,248,249,-1,26,249,250,-1,27,26,251,-1,251,26,250,-1,27,251,252,-1,27,252,29,-1,29,252,253,-1,29,253,31,-1,31,253,254,-1,31,254,92,-1,92,254,255,-1,92,255,93,-1,93,255,256,-1,93,256,95,-1,256,257,95,-1,95,257,258,-1,95,258,97,-1,97,258,259,-1,97,259,99,-1,99,259,260,-1,99,260,101,-1,101,260,261,-1,101,261,103,-1,103,261,262,-1,103,262,104,-1,104,262,263,-1,104,263,63,-1,63,263,264,-1,63,264,65,-1,65,264,265,-1,65,265,67,-1,67,265,266,-1,67,266,69,-1,71,69,267,-1,267,69,266,-1,71,267,268,-1,71,268,140,-1,140,268,269,-1,140,269,137,-1,137,269,270,-1,137,270,151,-1,151,270,271,-1,151,271,145,-1,145,271,272,-1,145,272,146,-1,146,272,273,-1,146,273,148,-1,148,273,274,-1,148,274,149,-1,149,274,275,-1,149,275,150,-1,150,275,276,-1,150,276,147,-1,147,276,277,-1,147,277,142,-1,142,277,278,-1,142,278,143,-1,143,278,279,-1,143,279,144,-1,144,279,280,-1,144,280,138,-1,138,280,281,-1,138,281,139,-1,139,281,282,-1,139,282,141,-1,141,282,283,-1,141,283,72,-1,72,283,284,-1,72,284,70,-1,68,70,285,-1,285,70,284,-1,68,285,286,-1,68,286,66,-1,66,286,287,-1,66,287,64,-1,64,287,288,-1,64,288,62,-1,62,288,289,-1,62,289,102,-1,102,289,290,-1,102,290,100,-1,100,290,152,-1,100,152,98,-1,84,291,292,-1,84,292,86,-1,86,292,293,-1,86,293,88,-1,88,293,294,-1,88,294,90,-1,90,294,295,-1,90,295,91,-1,91,295,296,-1,91,296,58,-1,58,296,297,-1,58,297,59,-1,59,297,298,-1,59,298,60,-1,60,298,299,-1,60,299,61,-1,61,299,300,-1,61,300,44,-1,44,300,301,-1,44,301,45,-1,45,301,302,-1,45,302,46,-1,46,302,303,-1,46,303,48,-1,48,303,304,-1,48,304,50,-1,50,304,305,-1,50,305,52,-1,52,305,306,-1,52,306,54,-1,54,306,307,-1,54,307,56,-1,56,307,308,-1,56,308,57,-1,57,308,309,-1,57,309,23,-1,23,309,310,-1,23,310,9,-1,9,310,311,-1,9,311,10,-1,10,311,312,-1,10,312,73,-1,73,312,313,-1,73,313,74,-1,74,313,314,-1,74,314,76,-1,76,314,315,-1,76,315,78,-1,78,315,316,-1,78,316,80,-1,80,316,317,-1,80,317,82,-1,82,317,291,-1,82,291,84,-1,
        ]
    }
}
Shape{
    appearance Appearance {
        material  Material 	{
            diffuseColor 0.25098039215686274 0.25098039215686274 0.25098039215686274
            specularColor 0.12549019607843137 0.12549019607843137 0.12549019607843137
            ambientIntensity 0.251
            transparency 0.0
            shininess 0.5
        }
    }
    geometry IndexedFaceSet {
        ccw TRUE
        solid FALSE
        coord DEF co Coordinate {
            point [
                3.0188 -3.5787 0.5431, 2.972 -3.5787 0.6716, 2.9645 -3.5787 0.6637, 3.041 -3.5787 0.5455, 3.0575 -3.5787 0.5521, 3.0378 -3.5787 0.6894, 3.022 -3.5787 0.6911, 3.0035 -3.5787 0.6887, 2.9869 -3.5787 0.6822, 2.9517 -3.5787 0.5938, 2.9592 -3.5787 0.5779, 2.9701 -3.5787 0.5644, 3.022 -3.5787 0.5431, 2.9547 -3.5787 0.648, 2.9491 -3.5787 0.6301, 2.9482 -3.5787 0.6116, 2.9846 -3.5787 0.5533, 3.0017 -3.5787 0.5459, 3.0719 -3.5787 0.5624, 3.0822 -3.5787 0.5741, 3.091 -3.5787 0.5904, 3.0955 -3.5787 0.6086, 3.0955 -3.5787 0.6259, 3.0912 -3.5787 0.6435, 3.0829 -3.5787 0.6591, 3.0707 -3.5787 0.6727, 3.0554 -3.5787 0.6831
            ]
        }
        coordIndex [
            0,1,2,-1,3,4,5,-1,6,7,0,-1,0,7,8,-1,0,8,1,-1,9,10,2,-1,2,10,11,-1,6,0,5,-1,5,0,12,-1,5,12,3,-1,13,14,2,-1,2,14,15,-1,2,15,9,-1,11,16,2,-1,2,16,17,-1,2,17,0,-1,4,18,5,-1,5,18,19,-1,5,19,20,-1,20,21,5,-1,5,21,22,-1,5,22,23,-1,23,24,5,-1,5,24,25,-1,5,25,26,-1,
        ]
    }
}