#VRML V2.0 utf8
# 3D model generated by easyeda2kicad.py (https://github.com/uPesy/easyeda2kicad.py)

Shape{
    appearance Appearance {
        material  Material 	{
            diffuseColor 1.0 1.0 1.0
            specularColor 0.30196078431372547 0.30196078431372547 0.30196078431372547
            ambientIntensity 1.0
            transparency 0.0
            shininess 0.5
        }
    }
    geometry IndexedFaceSet {
        ccw TRUE
        solid FALSE
        coord DEF co Coordinate {
            point [
                0.6266 1.299 0.0, 0.514 1.299 0.0, 0.514 1.299 0.223, 0.9607 1.299 0.1969, 0.8809 1.299 0.1969, 0.8809 1.299 0.223, -1.063 1.299 1.2992, -0.7632 1.299 1.2992, -0.7632 1.299 0.8097, 1.0175 1.299 0.8102, 1.0175 1.299 0.8097, 0.9678 1.299 0.8097, 1.4131 1.299 0.5011, 1.4157 1.299 0.4963, 1.084 1.299 0.4963, 1.677 1.299 0.6486, 1.6761 1.299 0.6533, 1.9291 1.299 0.6533, 1.1869 1.299 0.7177, 1.1639 1.299 0.6979, 1.084 1.299 0.8097, 1.084 1.299 0.6876, 1.2345 1.299 0.7675, 1.2165 1.299 0.732, 1.2122 1.299 0.7305, 1.3 1.299 0.8256, 1.2766 1.299 0.8097, 1.2621 1.299 0.7998, 1.4598 1.299 0.8251, 1.4204 1.299 0.84, 1.0908 1.299 1.3107, 1.1023 1.299 2.7559, 1.9291 1.299 2.7559, 1.1023 1.299 1.3386, 1.9291 1.299 0.8097, 1.101 1.299 1.3284, 1.097 1.299 1.3189, 1.4806 1.299 0.8124, 1.4839 1.299 0.8097, 1.084 1.299 1.3055, 1.3427 1.299 0.841, 1.3779 1.299 0.845, 1.6366 1.299 0.7367, 1.6297 1.299 0.743, 1.601 1.299 0.7623, 1.5691 1.299 0.7737, 1.5381 1.299 0.777, 1.5008 1.299 0.7954, 1.5283 1.299 0.7764, 1.5185 1.299 0.7751, 1.9291 1.299 0.6876, 1.6703 1.299 0.6823, 1.6678 1.299 0.6876, 1.656 1.299 0.7126, 1.5742 1.299 0.5048, 1.588 1.299 0.5092, 1.9291 1.299 0.4963, 1.6183 1.299 0.5251, 1.6422 1.299 0.5463, 1.6447 1.299 0.5492, 1.6628 1.299 0.5767, 1.6741 1.299 0.6087, 1.6774 1.299 0.6396, 1.9291 1.299 0.4764, 1.5658 1.299 0.4865, 1.5703 1.299 0.4963, 1.5169 1.299 0.4495, 1.5366 1.299 0.458, 1.9291 1.299 0.223, 1.5532 1.299 0.4707, 1.5577 1.299 0.4764, 1.4537 1.299 0.4557, 1.4728 1.299 0.4486, 1.084 1.299 0.223, 1.4935 1.299 0.4462, 1.4968 1.299 0.4463, 1.084 1.299 0.4764, 1.4233 1.299 0.4821, 1.4285 1.299 0.4764, 1.4366 1.299 0.4674, 1.1364 1.299 0.6474, 1.1327 1.299 0.6195, 1.084 1.299 0.6533, 1.3035 1.299 0.551, 1.2976 1.299 0.5533, 1.2874 1.299 0.6018, 1.4284 1.299 0.5883, 1.3136 1.299 0.6473, 1.4432 1.299 0.602, 1.4613 1.299 0.6118, 1.3088 1.299 0.5474, 1.186 1.299 0.6264, 1.1899 1.299 0.6429, 1.1954 1.299 0.6533, 1.622 1.299 0.6533, 1.1479 1.299 0.5618, 1.1649 1.299 0.5386, 1.1885 1.299 0.519, 1.2147 1.299 0.5065, 1.2912 1.299 0.554, 1.2903 1.299 0.554, 1.2878 1.299 0.5534, 1.1369 1.299 0.5887, 1.6167 1.299 0.6069, 1.6066 1.299 0.5894, 1.5633 1.299 0.5803, 1.5914 1.299 0.5736, 1.5729 1.299 0.562, 1.5315 1.299 0.6084, 1.5491 1.299 0.5964, 1.6236 1.299 0.6409, 1.6227 1.299 0.6279, 1.5126 1.299 0.6154, 1.4922 1.299 0.6178, 1.4818 1.299 0.6171, 1.2033 1.299 0.574, 1.1938 1.299 0.5873, 1.1878 1.299 0.6024, 1.1857 1.299 0.619, 1.3178 1.299 0.5278, 1.3176 1.299 0.5306, 1.4074 1.299 0.5395, 1.316 1.299 0.5371, 1.3128 1.299 0.543, 1.3037 1.299 0.5042, 1.3092 1.299 0.5081, 1.3112 1.299 0.5102, 1.3149 1.299 0.5156, 1.3171 1.299 0.5214, 1.408 1.299 0.5222, 1.4075 1.299 0.5309, 1.286 1.299 0.5531, 1.2476 1.299 0.5529, 1.2323 1.299 0.5557, 1.2429 1.299 0.5007, 1.2933 1.299 0.5011, 1.298 1.299 0.5019, 1.2172 1.299 0.5625, 1.2045 1.299 0.5727, 1.2586 1.299 0.6862, 1.6135 1.299 0.6805, 1.6209 1.299 0.6616, 1.2518 1.299 0.6861, 1.1977 1.299 0.6577, 1.2076 1.299 0.6688, 1.2207 1.299 0.6782, 1.2356 1.299 0.684, 1.2946 1.299 0.7596, 1.2983 1.299 0.7631, 1.4924 1.299 0.7126, 1.2758 1.299 0.7362, 1.6085 1.299 0.6876, 1.4986 1.299 0.716, 1.2589 1.299 0.6876, 1.2632 1.299 0.7084, 1.5177 1.299 0.7231, 1.5376 1.299 0.7257, 1.5464 1.299 0.7253, 1.3223 1.299 0.7798, 1.349 1.299 0.7901, 1.4796 1.299 0.7389, 1.3774 1.299 0.7938, 1.5675 1.299 0.7205, 1.5866 1.299 0.7106, 1.6015 1.299 0.6975, 1.4085 1.299 0.79, 1.4365 1.299 0.779, 1.4605 1.299 0.7617, 1.1566 1.299 0.6876, 1.1467 1.299 0.6735, 1.1387 1.299 0.6533, 0.514 1.299 0.6533, 0.4643 1.299 0.6157, 0.4477 1.299 0.6156, 0.5107 1.299 0.4963, 0.514 1.299 0.4963, 0.5109 1.299 0.496, 0.514 1.299 0.4764, 0.4937 1.299 0.4959, 0.4199 1.299 0.4953, 0.4203 1.299 0.4963, 0.4936 1.299 0.4963, 0.4319 1.299 0.5283, 0.482 1.299 0.5286, 0.6437 1.299 0.5648, 0.6438 1.299 0.551, 0.6266 1.299 0.4963, 0.663 1.299 0.6172, 0.6399 1.299 0.617, 0.6266 1.299 0.6533, 0.64 1.299 0.6032, 0.663 1.299 0.5511, 0.6867 1.299 0.5513, 0.663 1.299 0.5107, 0.687 1.299 0.5109, 0.663 1.299 0.6033, 0.663 1.299 0.5649, 0.6863 1.299 0.6035, 0.6866 1.299 0.5651, 0.6379 1.299 0.5106, 0.638 1.299 0.4969, 0.663 1.299 0.4963, 0.663 1.299 0.4971, 0.7026 1.299 0.4973, 0.7618 1.299 0.5191, 0.76 1.299 0.512, 0.7596 1.299 0.512, 0.7182 1.299 0.5832, 0.7757 1.299 0.6533, 0.7338 1.299 0.5833, 0.7757 1.299 0.56, 0.7577 1.299 0.5189, 0.7589 1.299 0.5149, 0.8593 1.299 0.4988, 0.8669 1.299 0.5015, 0.8809 1.299 0.4963, 0.8668 1.299 0.517, 0.8664 1.299 0.5611, 0.8657 1.299 0.5665, 0.8809 1.299 0.6533, 0.8641 1.299 0.5506, 0.8658 1.299 0.5553, 0.8593 1.299 0.5128, 0.8593 1.299 0.5446, 0.8614 1.299 0.5136, 0.8598 1.299 0.5449, 0.8622 1.299 0.5475, 0.8433 1.299 0.4963, 0.8436 1.299 0.4963, 0.8593 1.299 0.4764, 0.844 1.299 0.4963, 0.8593 1.299 0.4963, 0.8563 1.299 0.4977, 0.8125 1.299 0.5821, 0.8126 1.299 0.5674, 0.8047 1.299 0.4963, 0.8566 1.299 0.5794, 0.8529 1.299 0.5816, 0.8593 1.299 0.6533, 0.8639 1.299 0.5713, 0.8611 1.299 0.5753, 0.8593 1.299 0.577, 0.8096 1.299 0.5154, 0.8114 1.299 0.5106, 0.8143 1.299 0.5067, 0.8448 1.299 0.5846, 0.8328 1.299 0.586, 0.8047 1.299 0.6533, 0.8222 1.299 0.585, 0.8137 1.299 0.5356, 0.811 1.299 0.5315, 0.8094 1.299 0.527, 0.8088 1.299 0.5214, 0.8186 1.299 0.5029, 0.8221 1.299 0.5008, 0.83 1.299 0.4978, 0.8343 1.299 0.5738, 0.8388 1.299 0.5735, 0.8509 1.299 0.5624, 0.8428 1.299 0.5725, 0.8462 1.299 0.5707, 0.8507 1.299 0.5604, 0.8502 1.299 0.558, 0.8491 1.299 0.556, 0.8476 1.299 0.5544, 0.8423 1.299 0.551, 0.8239 1.299 0.5724, 0.8331 1.299 0.5469, 0.8154 1.299 0.5691, 0.8273 1.299 0.5445, 0.8173 1.299 0.5389, 0.8485 1.299 0.5687, 0.8498 1.299 0.5668, 0.8506 1.299 0.5648, 0.852 1.299 0.5099, 0.8438 1.299 0.536, 0.8527 1.299 0.5402, 0.8421 1.299 0.5086, 0.8414 1.299 0.5086, 0.8339 1.299 0.5318, 0.8337 1.299 0.5094, 0.8243 1.299 0.5201, 0.8244 1.299 0.5219, 0.8298 1.299 0.5108, 0.8284 1.299 0.5116, 0.8267 1.299 0.5131, 0.8254 1.299 0.5151, 0.8246 1.299 0.5172, 0.8251 1.299 0.5243, 0.8262 1.299 0.5263, 0.8281 1.299 0.5282, 0.6266 1.299 0.8097, 0.6133 1.299 0.8073, 0.5967 1.299 0.8072, 0.6599 1.299 0.6876, 0.6599 1.299 0.6876, 0.663 1.299 0.6876, 0.6266 1.299 0.7732, 0.6427 1.299 0.6876, 0.6428 1.299 0.6874, 0.663 1.299 0.6533, 0.7017 1.299 0.6174, 0.6266 1.299 0.6876, 0.6266 1.299 0.7202, 0.631 1.299 0.7202, 0.8047 1.299 0.7564, 0.7927 1.299 0.7564, 0.789 1.299 0.7948, 0.8047 1.299 0.8097, 0.7889 1.299 0.8086, 0.7757 1.299 0.8097, 0.7757 1.299 0.6876, 0.7928 1.299 0.7426, 0.8047 1.299 0.7427, 0.8358 1.299 0.7429, 0.8047 1.299 0.7023, 0.836 1.299 0.7025, 0.8047 1.299 0.7949, 0.8354 1.299 0.7951, 0.8357 1.299 0.7567, 0.8516 1.299 0.6889, 0.8593 1.299 0.6876, 0.8047 1.299 0.6876, 0.787 1.299 0.7022, 0.7871 1.299 0.6885, 0.8047 1.299 0.6886, 0.8593 1.299 0.8097, 0.8508 1.299 0.809, 0.8047 1.299 0.8087, 1.0183 1.299 0.7038, 0.9704 1.299 0.7035, 0.9678 1.299 0.6876, 0.9705 1.299 0.6898, 1.0339 1.299 0.6902, 1.033 1.299 0.8097, 1.033 1.299 0.8103, 1.0826 1.299 1.3045, 0.9678 1.299 1.2992, 1.0629 1.299 1.2992, 1.0731 1.299 1.3006, 0.9607 1.299 1.2992, 0.9032 1.299 0.8114, 0.8809 1.299 1.2992, 0.9033 1.299 0.8114, 0.9185 1.299 0.8097, 0.9607 1.299 0.8097, 0.9207 1.299 0.8094, 0.8809 1.299 0.8097, 0.8593 1.299 1.2992, 0.8047 1.299 1.2992, 0.7757 1.299 1.2992, 0.748 1.299 1.2992, 0.7086 1.299 1.3386, 0.71 1.299 1.3284, 0.663 1.299 0.8097, 0.7139 1.299 1.3189, 0.7201 1.299 1.3107, 0.7283 1.299 1.3045, 0.7378 1.299 1.3006, -0.7481 1.299 1.2992, -0.7379 1.299 1.3006, -0.7284 1.299 1.3045, 0.514 1.299 0.8097, -0.7202 1.299 1.3107, -0.714 1.299 1.3189, -0.7087 1.299 2.7559, 0.514 1.299 2.7559, -0.7087 1.299 1.3386, -0.7101 1.299 1.3284, -1.1011 1.299 1.3284, -1.0971 1.299 1.3189, -1.9292 1.299 0.8097, -1.0909 1.299 1.3107, -1.0827 1.299 1.3045, -1.0732 1.299 1.3006, -1.9292 1.299 2.7559, -1.1024 1.299 2.7559, -1.1024 1.299 1.3386, -0.6497 1.299 0.1969, -0.7632 1.299 0.1969, -0.7632 1.299 0.223, -1.3189 1.299 0.1969, 0.3346 1.299 0.0, 0.3346 1.299 0.1969, -0.3347 1.299 0.1969, -0.3347 1.299 0.0, -0.6497 1.299 0.0, 0.6496 1.299 0.0, 0.6496 1.299 0.1969, 0.6266 1.299 0.223, 0.663 1.299 0.1969, 0.663 1.299 0.223, 0.7757 1.299 0.1969, 0.7757 1.299 0.223, 0.8047 1.299 0.1969, 0.8047 1.299 0.223, 1.084 1.299 0.1969, 1.3188 1.299 0.1969, 1.3188 1.299 0.0, 1.9291 1.299 0.0, 0.8875 1.299 0.8101, 0.8862 1.299 0.8097, 0.8809 1.299 0.8081, 0.8749 1.299 0.8063, 0.875 1.299 0.7901, 0.901 1.299 0.7013, 0.8874 1.299 0.7037, 0.8809 1.299 0.7926, 0.8809 1.299 0.7066, 0.8763 1.299 0.7908, 0.8755 1.299 0.7089, 0.8885 1.299 0.7956, 0.9032 1.299 0.7974, 0.9489 1.299 0.7483, 0.935 1.299 0.7116, 0.9272 1.299 0.706, 0.936 1.299 0.7843, 0.9427 1.299 0.7752, 0.9278 1.299 0.791, 0.9183 1.299 0.7953, 0.9079 1.299 0.7973, 0.9468 1.299 0.7649, 0.9488 1.299 0.7439, 0.947 1.299 0.7319, 0.9187 1.299 0.7026, 0.9066 1.299 0.7011, 0.9432 1.299 0.7222, 0.9374 1.299 0.714, 0.9607 1.299 0.7727, 0.9563 1.299 0.7827, 0.9475 1.299 0.7941, 0.9446 1.299 0.7968, 0.9333 1.299 0.8046, 0.9621 1.299 0.7694, 0.9607 1.299 0.7219, 0.9629 1.299 0.7278, 0.9652 1.299 0.7475, 0.9649 1.299 0.7538, 0.9292 1.299 0.6905, 0.9405 1.299 0.6959, 0.9607 1.299 0.6876, 0.9162 1.299 0.6877, 0.9501 1.299 0.704, 0.9581 1.299 0.7153, 0.9052 1.299 0.6876, 0.9089 1.299 0.6873, 0.915 1.299 0.6876, 0.8756 1.299 0.6941, 0.8777 1.299 0.6931, 0.8809 1.299 0.6876, 0.8809 1.299 0.6921, 0.8906 1.299 0.6889, 0.7757 1.299 0.4963, 0.7757 1.299 0.5192, 0.8005 1.299 0.5838, 0.7837 1.299 0.5837, 0.7675 1.299 0.498, 0.7682 1.299 0.4963, 0.7742 1.299 0.4824, 0.8047 1.299 0.4764, 0.7778 1.299 0.4764, 0.7773 1.299 0.4769, 0.7757 1.299 0.4798, 0.7761 1.299 0.4607, 0.7819 1.299 0.4583, 0.7886 1.299 0.4575, 0.7857 1.299 0.4709, 0.7824 1.299 0.4722, 0.7897 1.299 0.4704, 0.7952 1.299 0.4712, 0.7801 1.299 0.4738, 0.7982 1.299 0.4722, 0.7983 1.299 0.4588, 0.7919 1.299 0.4577, 0.7622 1.299 0.4764, 0.7648 1.299 0.4714, 0.7711 1.299 0.4643, 0.7757 1.299 0.461, 0.7532 1.299 0.4963, 0.7578 1.299 0.4848, 0.663 1.299 0.4764, 0.8593 1.299 0.223, 0.8593 1.299 0.1969, 0.6266 1.299 0.4764, -0.7632 1.299 0.4764, 0.9607 1.299 0.223, 0.8809 1.299 0.4764, 0.9607 1.299 0.4764, 0.9607 1.299 0.4963, 0.9678 1.299 0.4963, 0.9678 1.299 0.6533, 0.9726 1.299 0.6055, 0.9725 1.299 0.6194, 0.9764 1.299 0.5534, 0.9763 1.299 0.5671, 1.0192 1.299 0.5674, 1.0189 1.299 0.6059, 1.0193 1.299 0.5537, 1.0196 1.299 0.5133, 0.9705 1.299 0.5129, 0.9706 1.299 0.4992, 1.0352 1.299 0.4997, 1.0344 1.299 0.6198, 0.9678 1.299 0.4764, 0.9678 1.299 0.223, 0.9678 1.299 0.1969, 0.9504 1.299 0.5394, 0.9474 1.299 0.5642, 0.9535 1.299 0.5345, 0.9553 1.299 0.529, 0.8883 1.299 0.5665, 0.8869 1.299 0.5538, 0.914 1.299 0.5738, 0.9192 1.299 0.5744, 0.9274 1.299 0.5499, 0.8873 1.299 0.4986, 0.9099 1.299 0.5033, 0.9151 1.299 0.4999, 0.9023 1.299 0.4987, 0.9212 1.299 0.4977, 0.929 1.299 0.4969, 0.9459 1.299 0.5434, 0.9399 1.299 0.5467, 0.9369 1.299 0.5707, 0.9275 1.299 0.5737, 0.933 1.299 0.5848, 0.9607 1.299 0.6533, 0.9442 1.299 0.5806, 0.9473 1.299 0.5788, 0.9177 1.299 0.5866, 0.9072 1.299 0.5854, 0.9012 1.299 0.5832, 0.8964 1.299 0.5802, 0.9022 1.299 0.512, 0.9026 1.299 0.512, 0.9051 1.299 0.5084, 0.8939 1.299 0.5777, 0.8907 1.299 0.573, 0.9438 1.299 0.5002, 0.9488 1.299 0.5038, 0.9502 1.299 0.5052, 0.9534 1.299 0.5098, 0.9019 1.299 0.5533, 0.9024 1.299 0.5599, 0.9039 1.299 0.5653, 0.9057 1.299 0.5684, 0.9552 1.299 0.5148, 0.9561 1.299 0.5221, 0.938 1.299 0.498, 0.9079 1.299 0.5708, 0.9106 1.299 0.5726, 0.6153 1.299 0.4967, 0.5205 1.299 0.5359, 0.5265 1.299 0.5236, 0.5355 1.299 0.513, 0.548 1.299 0.5041, 0.5618 1.299 0.4988, 0.5823 1.299 0.4965, 0.6145 1.299 0.6168, 0.5802 1.299 0.6166, 0.5619 1.299 0.6144, 0.5474 1.299 0.609, 0.5349 1.299 0.6003, 0.5308 1.299 0.5962, 0.5234 1.299 0.5857, 0.519 1.299 0.5743, 0.5171 1.299 0.5576, 0.5175 1.299 0.55, 0.7109 1.299 0.806, 0.6965 1.299 0.8006, 0.6666 1.299 0.7416, 0.6696 1.299 0.7275, 0.6724 1.299 0.7773, 0.6681 1.299 0.7659, 0.6661 1.299 0.7492, 0.6756 1.299 0.7151, 0.6846 1.299 0.7046, 0.6971 1.299 0.6957, 0.7292 1.299 0.8082, 0.7108 1.299 0.6904, 0.7313 1.299 0.6881, 0.7644 1.299 0.6883, 0.7635 1.299 0.8084, 0.684 1.299 0.7919, 0.6798 1.299 0.7878, 0.4028 1.299 0.4952, 0.4032 1.299 0.4963, -0.7632 1.299 0.4963, -0.7632 1.299 0.6533, -0.7632 1.299 0.6876, 0.514 1.299 0.6876, -1.3189 1.299 0.0, -1.9292 1.299 0.0, -1.9292 1.299 0.223, -1.9292 1.299 0.4764, -1.9292 1.299 0.4963, -1.9292 1.299 0.6533, -1.9292 1.299 0.6876, 0.6266 1.299 2.7559, 0.663 1.299 2.7559, 0.7086 1.299 2.7559, 0.581 1.299 0.7199, 0.5692 1.299 0.6876, 0.569 1.299 0.6869, 0.5519 1.299 0.6868, 0.5522 1.299 0.6876, 1.1105 0.4804 0.7874, 1.1167 0.4722 0.7874, 1.7322 1.0628 0.7874, -0.1326 0.4722 0.7874, -0.1263 0.4804 0.7874, -1.7323 1.0628 0.7874, -0.8757 0.2177 0.7874, -0.8859 0.2163 0.7874, -1.7323 -0.7089 0.7874, -1.0827 0.2163 0.7874, -1.0929 0.2177 0.7874, -0.1326 0.236 0.7874, -0.1365 0.2455 0.7874, -0.8757 0.4906 0.7874, 0.1325 0.236 0.7874, 0.1262 0.2279 0.7874, 0.8517 0.236 0.7874, 0.8517 0.4722 0.7874, 0.8579 0.4804 0.7874, 1.1207 0.2455 0.7874, 1.1167 0.236 0.7874, 1.7322 -0.7089 0.7874, 1.1105 0.2279 0.7874, 0.0984 0.2163 0.7874, -0.0985 0.2163 0.7874, -0.1087 0.2177 0.7874, -0.8518 0.236 0.7874, -0.858 0.2279 0.7874, 0.8579 0.2279 0.7874, 1.0826 0.4919 0.7874, 1.0928 0.4906 0.7874, 1.1023 0.4866 0.7874, 1.1023 0.2216 0.7874, 1.0928 0.2177 0.7874, 1.0826 0.2163 0.7874, -0.8662 0.2216 0.7874, 0.1181 0.2216 0.7874, 0.1086 0.2177 0.7874, 0.8661 0.4866 0.7874, 0.8756 0.4906 0.7874, 0.8858 0.4919 0.7874, -0.858 0.4804 0.7874, -0.8662 0.4866 0.7874, -0.1182 0.2216 0.7874, -0.1263 0.2279 0.7874, -0.1182 0.4866 0.7874, -0.1087 0.4906 0.7874, -0.0985 0.4919 0.7874, 0.0984 0.4919 0.7874, 0.1086 0.4906 0.7874, 0.1181 0.4866 0.7874, 0.1262 0.4804 0.7874, 0.1325 0.4722 0.7874, 0.1364 0.4627 0.7874, 0.8477 0.4627 0.7874, 1.1207 0.4627 0.7874, 1.122 0.4526 0.7874, 1.122 0.2557 0.7874, -0.8518 0.4722 0.7874, -0.8478 0.4627 0.7874, -0.8465 0.4526 0.7874, -1.1024 0.2216 0.7874, -1.1106 0.2279 0.7874, -1.1168 0.236 0.7874, -1.1024 0.4866 0.7874, -1.0929 0.4906 0.7874, -0.8465 0.2557 0.7874, -0.8478 0.2455 0.7874, 0.8858 0.2163 0.7874, 0.8756 0.2177 0.7874, 0.8661 0.2216 0.7874, -1.1208 0.4627 0.7874, -1.1168 0.4722 0.7874, -1.1106 0.4804 0.7874, 0.1364 0.2455 0.7874, 0.8477 0.2455 0.7874, 0.8464 0.2557 0.7874, -1.0827 0.4919 0.7874, -0.8859 0.4919 0.7874, -0.1378 0.2557 0.7874, -0.1378 0.4526 0.7874, -0.1365 0.4627 0.7874, -1.1208 0.2455 0.7874, -1.1221 0.2557 0.7874, -1.1221 0.4526 0.7874, 0.8464 0.4526 0.7874, 0.1377 0.4526 0.7874, 0.1377 0.2557 0.7874, 1.0826 0.4919 0.1969, 0.8858 0.4919 0.1969, 0.8756 0.4906 0.1969, 0.8477 0.2455 0.1969, 0.8517 0.236 0.1969, 0.6496 -0.9451 0.1969, 0.8579 0.2279 0.1969, 0.8661 0.2216 0.1969, 1.122 0.4526 0.1969, 1.1207 0.4627 0.1969, 1.1167 0.4722 0.1969, 1.1105 0.4804 0.1969, 0.8661 0.4866 0.1969, 0.8579 0.4804 0.1969, 0.8517 0.4722 0.1969, 0.8477 0.4627 0.1969, 0.8464 0.4526 0.1969, 0.8464 0.2557 0.1969, 1.1105 0.2279 0.1969, 1.3188 -0.9451 0.1969, 1.1023 0.2216 0.1969, 1.0928 0.2177 0.1969, 1.1023 0.4866 0.1969, 1.0928 0.4906 0.1969, 0.8756 0.2177 0.1969, 0.8858 0.2163 0.1969, 1.0826 0.2163 0.1969, 1.1167 0.236 0.1969, 1.1207 0.2455 0.1969, 1.122 0.2557 0.1969, 0.1181 0.4866 0.1969, 0.1086 0.4906 0.1969, 0.0984 0.4919 0.1969, -0.0985 0.4919 0.1969, -0.1087 0.4906 0.1969, -0.1182 0.4866 0.1969, -0.1365 0.4627 0.1969, -0.1378 0.4526 0.1969, -0.3347 -0.9451 0.1969, -0.1378 0.2557 0.1969, -0.1365 0.2455 0.1969, -0.1326 0.236 0.1969, -0.1263 0.2279 0.1969, -0.1182 0.2216 0.1969, -0.1263 0.4804 0.1969, -0.1326 0.4722 0.1969, -0.1087 0.2177 0.1969, -0.0985 0.2163 0.1969, 0.3346 -0.9451 0.1969, 0.0984 0.2163 0.1969, 0.1086 0.2177 0.1969, 0.1364 0.4627 0.1969, 0.1325 0.4722 0.1969, 0.1262 0.4804 0.1969, 0.1181 0.2216 0.1969, 0.1262 0.2279 0.1969, 0.1325 0.236 0.1969, 0.1364 0.2455 0.1969, 0.1377 0.2557 0.1969, 0.1377 0.4526 0.1969, -0.8662 0.4866 0.1969, -0.8757 0.4906 0.1969, -0.8859 0.4919 0.1969, -1.0827 0.4919 0.1969, -1.0929 0.4906 0.1969, -1.1024 0.4866 0.1969, -1.1106 0.4804 0.1969, -1.1168 0.4722 0.1969, -0.8757 0.2177 0.1969, -0.8662 0.2216 0.1969, -0.6497 -0.9451 0.1969, -0.858 0.2279 0.1969, -0.8518 0.236 0.1969, -0.8478 0.4627 0.1969, -0.8518 0.4722 0.1969, -0.858 0.4804 0.1969, -1.1024 0.2216 0.1969, -1.0929 0.2177 0.1969, -1.3189 -0.9451 0.1969, -1.0827 0.2163 0.1969, -0.8859 0.2163 0.1969, -1.1208 0.2455 0.1969, -1.1168 0.236 0.1969, -1.1106 0.2279 0.1969, -0.8478 0.2455 0.1969, -0.8465 0.2557 0.1969, -0.8465 0.4526 0.1969, -1.1208 0.4627 0.1969, -1.1221 0.4526 0.1969, -1.1221 0.2557 0.1969, -1.9292 -0.9451 0.0, -1.3189 -0.9451 0.0, -0.6497 -0.9451 0.0, -0.3347 -0.9451 0.0, 1.9291 -0.9451 2.7559, -1.9292 -0.9451 2.7559, 1.3188 -0.9451 0.0, 1.9291 -0.9451 0.0, 0.6496 -0.9451 0.0, 0.3346 -0.9451 0.0, -1.9686 1.0628 2.7559, -1.1024 1.0628 2.7559, -1.9686 1.2596 2.7559, -1.9633 1.2793 2.7559, -1.9394 1.2977 2.7559, -1.957 1.2875 2.7559, -1.9489 1.2937 2.7559, -1.9672 1.2698 2.7559, 1.1023 1.0628 2.7559, 1.9685 1.0628 2.7559, 1.9685 1.2596 2.7559, 1.9671 1.2698 2.7559, 1.9393 1.2977 2.7559, 1.9632 1.2793 2.7559, 1.9488 1.2937 2.7559, 1.9569 1.2875 2.7559, 1.9094 -0.886 2.7559, 1.9599 -0.9303 2.7559, 1.9646 -0.9228 2.7559, 1.9685 0.6691 2.7559, 1.9094 0.6691 2.7559, 1.9685 -0.9057 2.7559, 1.9675 -0.9145 2.7559, -1.9095 0.6691 2.7559, -1.9686 0.6691 2.7559, -1.9095 -0.886 2.7559, -1.9686 -0.9057 2.7559, 1.9378 -0.9441 2.7559, -1.9672 -0.9159 2.7559, -1.9633 -0.9254 2.7559, -1.957 -0.9336 2.7559, -1.9489 -0.9398 2.7559, -1.9394 -0.9437 2.7559, 1.9462 -0.9412 2.7559, 1.9536 -0.9365 2.7559, -1.9686 0.6704 1.8008, -1.9686 0.6744 1.7913, -1.9686 -0.9057 0.0394, -1.9686 1.0431 1.7769, -1.9686 1.0513 1.7832, -1.9686 1.2596 0.0394, -1.9686 1.0575 1.7913, -1.9686 0.6691 1.811, -1.9686 0.6806 1.7832, -1.9686 0.6888 1.7769, -1.9686 0.6983 1.773, -1.9686 0.7085 1.7717, -1.9686 1.0614 1.8008, -1.9686 1.0628 1.811, -1.9686 1.0234 1.7717, -1.9686 1.0336 1.773, 1.9685 0.6691 1.811, 1.9685 1.0614 1.8008, 1.9685 1.0575 1.7913, 1.9685 1.2596 0.0394, 1.9685 0.6888 1.7769, 1.9685 0.6806 1.7832, 1.9685 -0.9057 0.0394, 1.9685 0.6744 1.7913, 1.9685 0.6704 1.8008, 1.9685 1.0513 1.7832, 1.9685 1.0431 1.7769, 1.9685 1.0336 1.773, 1.9685 1.0628 1.811, 1.9685 1.0234 1.7717, 1.9685 0.7085 1.7717, 1.9685 0.6983 1.773, -1.7323 0.6806 1.7832, -1.7323 0.6744 1.7913, -1.7323 1.0575 1.7913, -1.7323 1.0614 1.8008, -1.7323 1.0628 1.811, -1.7323 0.6691 2.5787, -1.7323 -0.7089 2.5787, -1.7323 0.6691 1.811, -1.7323 0.6704 1.8008, -1.7323 1.0513 1.7832, -1.7323 1.0431 1.7769, -1.7323 1.0336 1.773, -1.7323 0.6983 1.773, -1.7323 0.6888 1.7769, -1.7323 1.0234 1.7717, -1.7323 0.7085 1.7717, 1.7322 1.0614 1.8008, 1.7322 1.0628 1.811, 1.7322 0.6704 1.8008, 1.7322 0.6744 1.7913, 1.7322 -0.7089 2.5787, 1.7322 0.6691 2.5787, 1.7322 0.6691 1.811, 1.7322 1.0431 1.7769, 1.7322 1.0513 1.7832, 1.7322 1.0575 1.7913, 1.7322 0.6806 1.7832, 1.7322 0.6888 1.7769, 1.7322 0.6983 1.773, 1.7322 0.7085 1.7717, 1.7322 1.0234 1.7717, 1.7322 1.0336 1.773, 0.7086 1.0628 2.7559, -0.7087 1.0628 2.7559, -1.0971 1.0628 1.3189, -1.1011 1.0628 1.3284, 0.7201 1.0628 1.3107, 0.7139 1.0628 1.3189, -1.1024 1.0628 1.3386, 1.1023 1.0628 1.3386, 1.101 1.0628 1.3284, 1.097 1.0628 1.3189, 0.7283 1.0628 1.3045, -0.7101 1.0628 1.3284, -0.714 1.0628 1.3189, 1.0908 1.0628 1.3107, 1.0826 1.0628 1.3045, 1.0731 1.0628 1.3006, -1.0909 1.0628 1.3107, -1.0827 1.0628 1.3045, 0.7086 1.0628 1.3386, -0.7481 1.0628 1.2992, -1.063 1.0628 1.2992, -1.0732 1.0628 1.3006, 0.71 1.0628 1.3284, -0.7087 1.0628 1.3386, -0.7202 1.0628 1.3107, -0.7284 1.0628 1.3045, -0.7379 1.0628 1.3006, 1.0629 1.0628 1.2992, 0.748 1.0628 1.2992, 0.7378 1.0628 1.3006, -1.9672 1.2698 0.0292, -1.9633 1.2793 0.0197, -1.957 1.2875 0.0115, -1.9532 1.2909 0.0081, -1.9489 1.2937 0.0053, -1.9442 1.296 0.003, -1.9394 1.2977 0.0013, -1.9343 1.2987 0.0003, -1.9343 -0.9447 0.0003, -1.9442 -0.9421 0.003, -1.9394 -0.9437 0.0013, -1.957 -0.9336 0.0115, -1.9532 -0.9369 0.0081, -1.9489 -0.9398 0.0053, -1.9633 -0.9254 0.0197, -1.9672 -0.9159 0.0292, 1.9675 -0.9145 0.0306, 1.9646 -0.9228 0.0223, 1.9599 -0.9303 0.0148, 1.9536 -0.9365 0.0086, 1.9462 -0.9412 0.0039, 1.9421 -0.9429 0.0022, 1.9378 -0.9441 0.001, 1.9335 -0.9448 0.0002, 1.9335 1.2988 0.0002, 1.9378 1.2979 0.0011, 1.9393 1.2977 0.0013, 1.9462 1.2951 0.0039, 1.9487 1.2935 0.0055, 1.963 1.2792 0.0198, 1.9599 1.2842 0.0148, 1.9567 1.2873 0.0117, 1.9536 1.2904 0.0086, 1.9675 1.2684 0.0306, 1.967 1.2698 0.0292, 1.9646 1.2767 0.0223
            ]
        }
        coordIndex [
            0,1,2,-1,3,4,5,-1,6,7,8,-1,9,10,11,-1,12,13,14,-1,15,16,17,-1,18,19,20,-1,20,19,21,-1,22,23,20,-1,20,23,24,-1,20,24,18,-1,25,26,20,-1,20,26,27,-1,20,27,22,-1,28,29,30,-1,31,32,33,-1,33,32,34,-1,33,34,35,-1,35,34,36,-1,28,30,37,-1,36,34,30,-1,30,34,38,-1,30,38,37,-1,25,39,40,-1,40,39,30,-1,40,30,41,-1,41,30,29,-1,42,43,34,-1,43,44,34,-1,34,44,45,-1,34,45,38,-1,38,45,46,-1,38,46,47,-1,47,46,48,-1,47,48,49,-1,17,16,50,-1,16,51,50,-1,50,51,52,-1,50,52,34,-1,34,52,53,-1,34,53,42,-1,54,55,56,-1,55,57,56,-1,56,57,58,-1,56,58,59,-1,59,60,56,-1,56,60,61,-1,56,61,17,-1,17,61,62,-1,17,62,15,-1,63,64,56,-1,56,64,65,-1,56,65,54,-1,66,67,68,-1,68,67,69,-1,68,69,63,-1,63,69,70,-1,63,70,64,-1,71,72,73,-1,73,72,74,-1,73,74,68,-1,68,74,75,-1,68,75,66,-1,14,13,76,-1,13,77,76,-1,76,77,78,-1,76,78,73,-1,73,78,79,-1,73,79,71,-1,80,81,82,-1,83,84,85,-1,86,87,88,-1,88,87,89,-1,83,85,90,-1,91,92,87,-1,87,92,93,-1,87,93,94,-1,95,96,14,-1,14,96,97,-1,14,97,98,-1,84,99,85,-1,85,99,100,-1,85,100,101,-1,82,81,14,-1,14,81,102,-1,14,102,95,-1,103,104,105,-1,105,104,106,-1,105,106,107,-1,108,94,109,-1,109,94,110,-1,109,110,105,-1,105,110,111,-1,105,111,103,-1,108,112,94,-1,94,112,113,-1,94,113,87,-1,87,113,114,-1,87,114,89,-1,115,116,85,-1,85,116,117,-1,85,117,87,-1,87,117,118,-1,87,118,91,-1,119,120,121,-1,121,120,122,-1,121,122,85,-1,85,122,123,-1,85,123,90,-1,124,125,12,-1,12,125,126,-1,126,127,12,-1,12,127,128,-1,12,128,129,-1,129,128,119,-1,129,119,130,-1,130,119,121,-1,101,131,85,-1,85,131,132,-1,85,132,133,-1,98,134,14,-1,14,134,135,-1,14,135,12,-1,12,135,136,-1,12,136,124,-1,133,137,85,-1,85,137,138,-1,85,138,115,-1,139,140,141,-1,141,94,139,-1,139,94,93,-1,139,93,142,-1,142,93,143,-1,143,144,142,-1,142,144,145,-1,142,145,146,-1,147,148,149,-1,147,149,150,-1,151,149,152,-1,140,139,151,-1,151,139,153,-1,151,153,149,-1,149,153,154,-1,149,154,150,-1,152,155,151,-1,151,155,156,-1,151,156,157,-1,148,158,149,-1,149,158,159,-1,149,159,160,-1,160,159,161,-1,162,163,157,-1,157,163,164,-1,157,164,151,-1,165,166,161,-1,161,166,167,-1,161,167,160,-1,19,168,21,-1,21,168,169,-1,21,169,82,-1,82,169,170,-1,82,170,80,-1,171,172,173,-1,172,171,174,-1,174,171,175,-1,174,175,176,-1,176,175,177,-1,176,177,178,-1,179,180,181,-1,181,180,182,-1,181,182,183,-1,184,185,186,-1,187,188,189,-1,189,188,190,-1,191,192,193,-1,193,192,194,-1,190,195,196,-1,196,195,197,-1,196,197,198,-1,191,193,185,-1,185,193,199,-1,185,199,186,-1,186,199,200,-1,186,200,201,-1,201,200,202,-1,201,202,203,-1,204,205,206,-1,207,208,209,-1,209,208,210,-1,209,210,211,-1,211,210,204,-1,211,204,212,-1,212,204,206,-1,213,214,215,-1,215,214,216,-1,217,218,219,-1,220,221,216,-1,222,223,224,-1,224,223,225,-1,224,225,216,-1,216,225,226,-1,216,226,220,-1,227,228,229,-1,229,228,230,-1,229,230,231,-1,231,230,232,-1,231,232,213,-1,233,234,235,-1,236,237,238,-1,218,239,219,-1,219,239,240,-1,219,240,238,-1,238,240,241,-1,238,241,236,-1,242,243,235,-1,235,243,244,-1,237,245,238,-1,238,245,246,-1,238,246,247,-1,247,246,248,-1,247,248,233,-1,249,250,234,-1,234,250,251,-1,234,251,235,-1,235,251,252,-1,235,252,242,-1,244,253,235,-1,235,253,254,-1,235,254,255,-1,256,257,258,-1,258,257,259,-1,258,259,260,-1,258,261,256,-1,256,261,262,-1,256,262,263,-1,263,264,256,-1,256,264,265,-1,256,265,266,-1,266,265,267,-1,266,267,268,-1,268,267,269,-1,268,269,234,-1,234,269,270,-1,234,270,249,-1,271,272,260,-1,260,272,273,-1,260,273,258,-1,274,275,222,-1,222,275,276,-1,222,276,223,-1,274,277,275,-1,275,277,278,-1,275,278,279,-1,279,278,280,-1,279,281,282,-1,280,283,279,-1,279,283,284,-1,279,284,285,-1,285,286,279,-1,279,286,287,-1,279,287,281,-1,282,288,279,-1,279,288,289,-1,279,289,290,-1,291,292,293,-1,294,295,296,-1,296,295,297,-1,298,299,189,-1,189,299,300,-1,189,300,187,-1,187,300,301,-1,189,302,298,-1,298,302,303,-1,298,303,304,-1,305,306,307,-1,308,309,310,-1,310,309,307,-1,310,307,311,-1,311,307,306,-1,311,306,312,-1,313,314,315,-1,315,314,316,-1,307,317,305,-1,305,317,318,-1,305,318,319,-1,320,321,322,-1,313,315,312,-1,312,315,323,-1,312,323,311,-1,311,323,324,-1,311,324,322,-1,322,324,325,-1,322,325,320,-1,326,327,308,-1,308,327,328,-1,308,328,309,-1,10,329,11,-1,11,329,330,-1,11,330,331,-1,331,330,332,-1,331,332,333,-1,20,334,335,-1,25,20,39,-1,39,20,335,-1,39,335,336,-1,337,338,335,-1,335,338,339,-1,335,339,336,-1,335,9,337,-1,337,9,11,-1,337,11,340,-1,341,342,343,-1,343,342,340,-1,343,340,344,-1,344,340,345,-1,344,345,346,-1,342,347,348,-1,348,347,326,-1,348,326,349,-1,349,326,308,-1,349,308,350,-1,350,308,310,-1,350,310,351,-1,352,353,354,-1,354,353,355,-1,354,355,356,-1,356,357,354,-1,354,357,358,-1,354,358,351,-1,7,359,8,-1,8,359,360,-1,8,360,361,-1,362,363,364,-1,365,366,367,-1,367,366,362,-1,367,362,368,-1,368,362,364,-1,369,370,371,-1,370,372,371,-1,371,372,373,-1,371,373,374,-1,375,376,371,-1,371,376,377,-1,371,377,369,-1,378,379,380,-1,380,379,381,-1,1,382,2,-1,2,382,383,-1,2,383,384,-1,384,385,386,-1,387,0,388,-1,388,0,389,-1,388,389,390,-1,390,389,391,-1,390,391,392,-1,392,391,393,-1,392,393,394,-1,394,393,395,-1,396,73,397,-1,397,73,68,-1,397,68,398,-1,398,68,399,-1,341,400,342,-1,342,400,401,-1,342,401,347,-1,347,401,402,-1,347,402,326,-1,326,402,403,-1,326,403,404,-1,405,406,407,-1,407,406,408,-1,407,408,409,-1,409,408,410,-1,409,410,404,-1,404,410,321,-1,404,321,326,-1,326,321,320,-1,326,320,327,-1,411,412,413,-1,407,414,415,-1,416,417,418,-1,418,417,419,-1,412,420,413,-1,413,420,419,-1,413,419,421,-1,421,419,417,-1,411,413,407,-1,407,413,422,-1,407,422,423,-1,415,424,407,-1,407,424,425,-1,407,425,405,-1,423,426,407,-1,407,426,427,-1,407,427,414,-1,428,429,345,-1,345,429,430,-1,430,431,345,-1,345,431,432,-1,345,432,346,-1,340,11,345,-1,345,11,433,-1,345,433,428,-1,434,435,331,-1,331,435,436,-1,331,436,11,-1,11,436,437,-1,11,437,433,-1,438,439,440,-1,438,440,441,-1,439,442,440,-1,440,442,443,-1,440,443,434,-1,444,445,219,-1,219,445,446,-1,410,447,321,-1,321,447,448,-1,321,448,449,-1,449,448,450,-1,449,450,451,-1,452,453,235,-1,235,453,454,-1,233,235,247,-1,247,235,454,-1,247,454,208,-1,208,454,455,-1,208,455,210,-1,456,453,457,-1,457,453,452,-1,457,452,458,-1,459,460,235,-1,235,460,461,-1,235,461,452,-1,452,461,462,-1,452,462,458,-1,463,464,393,-1,393,464,465,-1,393,465,395,-1,466,467,468,-1,468,467,469,-1,467,470,469,-1,469,470,460,-1,469,460,471,-1,471,460,459,-1,471,459,472,-1,472,459,395,-1,472,395,473,-1,473,395,465,-1,474,475,391,-1,391,475,476,-1,391,476,393,-1,393,476,477,-1,393,477,463,-1,478,479,480,-1,255,227,235,-1,235,227,229,-1,235,229,459,-1,459,229,481,-1,459,481,395,-1,395,481,482,-1,395,482,394,-1,389,483,391,-1,391,483,480,-1,391,480,474,-1,474,480,479,-1,386,378,384,-1,384,378,380,-1,384,380,2,-1,2,380,484,-1,2,484,177,-1,3,5,485,-1,485,5,486,-1,485,486,487,-1,487,486,215,-1,487,215,488,-1,213,215,231,-1,231,215,486,-1,231,486,229,-1,229,486,5,-1,229,5,481,-1,481,5,4,-1,481,4,482,-1,483,186,480,-1,480,186,201,-1,480,201,478,-1,478,201,203,-1,478,203,207,-1,207,203,301,-1,207,301,208,-1,208,301,300,-1,489,490,491,-1,491,490,492,-1,493,489,494,-1,494,489,491,-1,494,491,495,-1,495,491,496,-1,497,498,493,-1,493,498,499,-1,493,499,489,-1,489,499,500,-1,489,500,501,-1,502,82,501,-1,501,82,14,-1,501,14,489,-1,489,14,76,-1,489,76,503,-1,503,76,73,-1,503,73,504,-1,504,73,396,-1,504,396,505,-1,506,507,508,-1,508,507,509,-1,219,510,511,-1,512,513,514,-1,221,217,216,-1,216,217,219,-1,216,219,215,-1,215,219,511,-1,215,511,515,-1,516,517,518,-1,518,517,519,-1,518,519,520,-1,506,521,507,-1,507,521,522,-1,507,522,523,-1,523,522,514,-1,523,514,524,-1,524,514,513,-1,525,526,527,-1,527,526,528,-1,441,440,446,-1,446,440,526,-1,446,526,219,-1,219,526,525,-1,219,525,529,-1,529,530,219,-1,219,530,531,-1,219,531,532,-1,533,534,518,-1,518,534,535,-1,518,535,516,-1,532,536,219,-1,219,536,537,-1,219,537,510,-1,538,539,488,-1,488,539,540,-1,488,540,541,-1,542,543,514,-1,514,543,544,-1,514,544,545,-1,541,546,488,-1,488,546,547,-1,488,547,526,-1,526,547,509,-1,526,509,528,-1,528,509,507,-1,515,518,215,-1,215,518,520,-1,215,520,488,-1,488,520,548,-1,488,548,538,-1,545,549,514,-1,514,549,550,-1,514,550,512,-1,196,184,190,-1,190,184,186,-1,190,186,189,-1,189,186,551,-1,552,553,175,-1,175,553,554,-1,554,555,175,-1,175,555,556,-1,175,556,557,-1,0,2,389,-1,389,2,177,-1,389,177,483,-1,483,177,175,-1,483,175,186,-1,186,175,557,-1,186,557,551,-1,551,558,189,-1,189,558,559,-1,189,559,171,-1,171,559,560,-1,171,560,561,-1,561,562,171,-1,171,562,563,-1,171,563,564,-1,564,565,171,-1,171,565,566,-1,171,566,175,-1,175,566,567,-1,175,567,552,-1,334,20,333,-1,333,20,21,-1,333,21,331,-1,331,21,82,-1,331,82,490,-1,490,82,502,-1,490,502,492,-1,434,331,440,-1,440,331,490,-1,440,490,526,-1,526,490,489,-1,526,489,488,-1,488,489,503,-1,488,503,487,-1,487,503,504,-1,487,504,485,-1,485,504,505,-1,485,505,3,-1,299,294,300,-1,300,294,296,-1,300,296,208,-1,208,296,311,-1,208,311,247,-1,247,311,322,-1,247,322,238,-1,238,322,321,-1,238,321,219,-1,219,321,449,-1,219,449,444,-1,444,449,451,-1,568,569,354,-1,570,571,296,-1,572,573,354,-1,354,573,574,-1,571,575,296,-1,296,575,576,-1,296,576,577,-1,351,310,354,-1,354,310,578,-1,354,578,568,-1,577,579,296,-1,296,579,580,-1,296,580,311,-1,311,580,581,-1,311,581,310,-1,310,581,582,-1,310,582,578,-1,569,583,354,-1,354,583,584,-1,354,584,572,-1,292,291,297,-1,297,291,354,-1,297,354,296,-1,296,354,574,-1,296,574,570,-1,181,178,179,-1,179,178,177,-1,179,177,585,-1,585,177,484,-1,585,484,586,-1,586,484,587,-1,586,587,173,-1,173,587,588,-1,173,588,171,-1,171,588,589,-1,171,589,590,-1,590,589,8,-1,590,8,362,-1,362,8,361,-1,362,361,363,-1,591,592,381,-1,381,592,593,-1,381,593,380,-1,380,593,594,-1,380,594,484,-1,484,594,595,-1,484,595,587,-1,587,595,596,-1,587,596,588,-1,588,596,597,-1,588,597,589,-1,589,597,371,-1,589,371,8,-1,8,371,374,-1,8,374,6,-1,291,598,354,-1,354,598,599,-1,354,599,352,-1,352,599,600,-1,601,303,602,-1,602,303,302,-1,602,302,603,-1,603,302,189,-1,603,189,604,-1,604,189,171,-1,604,171,605,-1,605,171,590,-1,605,590,293,-1,293,590,362,-1,293,362,291,-1,291,362,366,-1,291,366,598,-1,606,607,608,-1,609,610,611,-1,612,613,614,-1,614,613,615,-1,614,615,616,-1,617,618,619,-1,620,621,622,-1,611,623,624,-1,625,626,627,-1,627,626,628,-1,629,630,627,-1,627,630,631,-1,632,633,631,-1,622,621,634,-1,635,636,608,-1,608,636,637,-1,608,637,606,-1,628,638,627,-1,627,638,639,-1,627,639,640,-1,614,627,612,-1,612,627,631,-1,612,631,641,-1,641,631,633,-1,621,642,627,-1,627,642,643,-1,627,643,629,-1,624,644,611,-1,611,644,645,-1,611,645,608,-1,608,645,646,-1,608,646,635,-1,647,631,648,-1,648,631,649,-1,648,649,619,-1,619,649,650,-1,619,650,617,-1,610,651,611,-1,611,651,652,-1,611,652,653,-1,653,654,611,-1,611,654,655,-1,611,655,623,-1,623,655,656,-1,623,656,657,-1,657,658,623,-1,623,658,659,-1,623,659,660,-1,607,661,608,-1,608,661,662,-1,608,662,627,-1,627,662,663,-1,627,663,625,-1,647,664,631,-1,631,664,665,-1,631,665,666,-1,616,667,614,-1,614,667,668,-1,614,668,669,-1,670,671,611,-1,666,672,631,-1,631,672,673,-1,631,673,632,-1,640,674,627,-1,627,674,675,-1,627,675,621,-1,621,675,676,-1,621,676,634,-1,677,678,611,-1,611,678,679,-1,611,679,670,-1,620,622,680,-1,680,622,681,-1,680,681,682,-1,671,683,611,-1,611,683,684,-1,611,684,619,-1,618,685,619,-1,619,685,686,-1,619,686,611,-1,611,686,687,-1,611,687,609,-1,669,688,614,-1,614,688,689,-1,614,689,611,-1,611,689,690,-1,611,690,677,-1,660,659,691,-1,691,659,692,-1,691,692,682,-1,682,692,693,-1,682,693,680,-1,397,694,388,-1,388,694,695,-1,388,695,696,-1,697,698,699,-1,699,698,700,-1,699,700,701,-1,702,703,397,-1,397,703,704,-1,397,704,705,-1,696,706,388,-1,388,706,707,-1,388,707,708,-1,708,709,388,-1,388,709,710,-1,388,710,699,-1,699,710,711,-1,699,711,697,-1,712,713,714,-1,714,713,715,-1,705,716,397,-1,397,716,717,-1,397,717,694,-1,701,718,699,-1,699,718,719,-1,699,719,713,-1,713,719,720,-1,713,720,715,-1,712,721,713,-1,713,721,722,-1,713,722,397,-1,397,722,723,-1,397,723,702,-1,724,725,383,-1,383,725,726,-1,383,726,384,-1,726,727,384,-1,384,727,728,-1,384,728,729,-1,384,730,731,-1,384,731,732,-1,732,731,733,-1,732,733,734,-1,734,735,732,-1,732,735,736,-1,732,736,737,-1,729,738,384,-1,384,738,739,-1,384,739,730,-1,737,740,732,-1,732,740,741,-1,732,741,742,-1,742,741,743,-1,742,743,744,-1,745,746,383,-1,383,746,747,-1,383,747,724,-1,744,748,742,-1,742,748,749,-1,742,749,750,-1,750,751,742,-1,742,751,752,-1,742,752,383,-1,383,752,753,-1,383,753,745,-1,754,755,378,-1,378,755,756,-1,378,756,381,-1,381,756,757,-1,381,757,758,-1,758,759,381,-1,381,759,760,-1,381,760,761,-1,762,763,764,-1,764,763,765,-1,764,765,766,-1,767,768,378,-1,378,768,769,-1,378,769,754,-1,770,771,772,-1,772,771,773,-1,772,773,764,-1,764,773,774,-1,764,774,762,-1,775,776,772,-1,772,776,777,-1,772,777,770,-1,766,778,764,-1,764,778,779,-1,764,779,378,-1,378,779,780,-1,378,780,767,-1,761,781,381,-1,381,781,782,-1,381,782,772,-1,772,782,783,-1,772,783,775,-1,784,785,772,-1,764,786,787,-1,732,742,788,-1,787,732,764,-1,764,732,788,-1,764,788,772,-1,772,788,789,-1,772,789,784,-1,790,791,713,-1,713,791,788,-1,713,788,699,-1,699,788,742,-1,699,742,792,-1,792,742,793,-1,793,382,792,-1,792,382,387,-1,791,790,399,-1,399,790,398,-1,786,386,787,-1,787,386,385,-1,592,591,784,-1,784,591,785,-1,794,795,796,-1,796,795,376,-1,797,798,799,-1,799,798,800,-1,376,375,796,-1,796,375,798,-1,796,798,801,-1,801,798,797,-1,802,803,31,-1,31,803,804,-1,31,804,32,-1,32,804,805,-1,32,805,806,-1,806,805,807,-1,806,807,808,-1,808,807,809,-1,810,811,812,-1,813,814,815,-1,815,814,810,-1,815,810,816,-1,816,810,812,-1,817,818,819,-1,819,818,820,-1,819,789,810,-1,810,789,788,-1,810,788,821,-1,820,822,819,-1,819,822,823,-1,819,823,824,-1,824,825,819,-1,819,825,826,-1,819,826,789,-1,821,827,810,-1,810,827,828,-1,810,828,811,-1,829,830,831,-1,832,833,834,-1,834,833,835,-1,829,831,836,-1,836,831,820,-1,836,820,818,-1,830,837,831,-1,831,837,838,-1,831,838,834,-1,834,838,839,-1,834,839,840,-1,835,841,834,-1,834,841,842,-1,834,842,796,-1,796,842,794,-1,840,843,834,-1,834,843,844,-1,834,844,832,-1,845,813,815,-1,846,847,848,-1,849,850,851,-1,851,850,852,-1,851,852,815,-1,815,852,853,-1,815,853,845,-1,847,854,848,-1,848,854,855,-1,848,855,856,-1,846,848,857,-1,857,848,804,-1,857,804,803,-1,856,858,848,-1,848,858,859,-1,848,859,851,-1,851,859,860,-1,851,860,849,-1,861,862,614,-1,863,611,864,-1,864,611,865,-1,866,867,868,-1,868,867,614,-1,868,614,869,-1,869,614,862,-1,863,870,611,-1,611,870,871,-1,611,871,872,-1,611,873,614,-1,614,873,874,-1,614,874,861,-1,872,875,611,-1,611,875,876,-1,611,876,873,-1,877,878,608,-1,879,880,627,-1,881,882,627,-1,627,882,883,-1,627,883,879,-1,884,885,608,-1,608,885,886,-1,608,886,877,-1,880,887,627,-1,627,887,888,-1,627,888,608,-1,608,888,889,-1,608,889,890,-1,890,891,608,-1,608,891,892,-1,608,892,884,-1,600,365,893,-1,893,365,894,-1,878,857,803,-1,895,896,865,-1,897,898,611,-1,794,842,795,-1,795,842,865,-1,795,865,899,-1,899,865,896,-1,803,802,878,-1,878,802,900,-1,878,900,608,-1,608,900,901,-1,608,901,902,-1,897,611,903,-1,898,904,905,-1,902,906,608,-1,608,906,907,-1,608,907,908,-1,895,865,909,-1,909,865,611,-1,909,611,910,-1,911,893,894,-1,912,913,611,-1,611,913,914,-1,611,914,910,-1,898,915,904,-1,904,915,911,-1,904,911,916,-1,916,911,894,-1,905,917,898,-1,898,917,918,-1,898,918,611,-1,611,918,919,-1,611,919,912,-1,908,920,608,-1,608,920,921,-1,608,921,611,-1,611,921,922,-1,611,922,903,-1,881,627,867,-1,867,627,614,-1,377,376,899,-1,899,376,795,-1,916,894,367,-1,367,894,365,-1,359,6,912,-1,912,6,913,-1,352,600,911,-1,911,600,893,-1,900,802,33,-1,33,802,31,-1,921,920,351,-1,351,920,338,-1,859,858,890,-1,890,858,891,-1,814,813,882,-1,882,813,845,-1,882,845,883,-1,866,868,817,-1,817,868,836,-1,817,836,818,-1,843,840,875,-1,875,840,876,-1,381,772,591,-1,591,772,785,-1,764,378,786,-1,786,378,386,-1,384,732,385,-1,385,732,787,-1,742,383,793,-1,793,383,382,-1,388,699,387,-1,387,699,792,-1,713,397,790,-1,790,397,398,-1,819,867,817,-1,817,867,866,-1,810,881,819,-1,819,881,867,-1,881,810,882,-1,882,810,814,-1,883,845,879,-1,879,845,853,-1,879,853,880,-1,880,853,852,-1,880,852,887,-1,887,852,850,-1,887,850,888,-1,888,850,849,-1,888,849,889,-1,889,849,860,-1,889,860,890,-1,890,860,859,-1,891,858,892,-1,892,858,856,-1,892,856,884,-1,884,856,855,-1,884,855,885,-1,885,855,854,-1,885,854,886,-1,886,854,847,-1,886,847,877,-1,877,847,846,-1,877,846,878,-1,878,846,857,-1,921,351,922,-1,922,351,358,-1,922,358,903,-1,903,358,357,-1,903,357,897,-1,897,357,356,-1,897,356,898,-1,898,356,355,-1,898,355,915,-1,915,355,353,-1,915,353,911,-1,911,353,352,-1,338,920,339,-1,339,920,908,-1,339,908,336,-1,336,908,907,-1,336,907,30,-1,30,907,906,-1,30,906,36,-1,36,906,902,-1,36,902,35,-1,35,902,901,-1,35,901,33,-1,33,901,900,-1,359,912,360,-1,360,912,919,-1,360,919,361,-1,361,919,918,-1,361,918,363,-1,363,918,917,-1,363,917,364,-1,364,917,905,-1,364,905,368,-1,368,905,904,-1,368,904,367,-1,367,904,916,-1,913,6,914,-1,914,6,374,-1,914,374,910,-1,910,374,373,-1,910,373,909,-1,909,373,372,-1,909,372,895,-1,895,372,370,-1,895,370,896,-1,896,370,369,-1,896,369,899,-1,899,369,377,-1,843,875,844,-1,844,875,872,-1,844,872,832,-1,832,872,871,-1,832,871,833,-1,833,871,870,-1,833,870,835,-1,835,870,863,-1,835,863,841,-1,841,863,864,-1,841,864,842,-1,842,864,865,-1,836,868,829,-1,829,868,869,-1,829,869,830,-1,830,869,862,-1,830,862,837,-1,837,862,861,-1,837,861,838,-1,838,861,874,-1,838,874,839,-1,839,874,873,-1,839,873,840,-1,840,873,876,-1,834,796,801,-1,834,801,923,-1,923,801,797,-1,923,797,924,-1,924,797,799,-1,924,799,925,-1,925,799,926,-1,926,799,800,-1,926,800,927,-1,927,800,928,-1,928,800,798,-1,928,798,929,-1,929,798,930,-1,930,798,375,-1,930,375,592,-1,784,789,931,-1,931,789,826,-1,825,932,826,-1,826,932,933,-1,826,933,931,-1,934,935,825,-1,825,935,936,-1,825,936,932,-1,825,824,934,-1,934,824,823,-1,934,823,937,-1,937,823,822,-1,937,822,938,-1,938,822,820,-1,938,820,831,-1,925,937,924,-1,924,937,938,-1,924,938,923,-1,923,938,831,-1,923,831,834,-1,592,784,930,-1,930,784,931,-1,930,931,929,-1,929,931,933,-1,929,933,928,-1,928,933,932,-1,928,932,927,-1,927,932,936,-1,927,936,926,-1,926,936,935,-1,926,935,925,-1,925,935,934,-1,925,934,937,-1,851,815,816,-1,851,816,939,-1,939,816,812,-1,939,812,940,-1,940,812,811,-1,940,811,941,-1,941,811,828,-1,941,828,942,-1,942,828,827,-1,942,827,943,-1,943,827,944,-1,944,827,821,-1,944,821,945,-1,945,821,946,-1,946,821,788,-1,946,788,791,-1,399,32,947,-1,947,32,948,-1,948,32,949,-1,949,32,806,-1,949,806,950,-1,950,806,808,-1,950,808,951,-1,809,807,952,-1,952,953,809,-1,809,953,954,-1,809,954,808,-1,808,954,955,-1,808,955,951,-1,805,804,848,-1,848,956,805,-1,805,956,957,-1,805,957,807,-1,807,957,958,-1,807,958,952,-1,851,939,848,-1,848,939,956,-1,940,958,939,-1,939,958,957,-1,939,957,956,-1,941,942,955,-1,955,954,941,-1,941,954,953,-1,941,953,940,-1,940,953,952,-1,940,952,958,-1,791,399,946,-1,946,399,947,-1,946,947,945,-1,945,947,948,-1,945,948,944,-1,944,948,949,-1,944,949,943,-1,943,949,950,-1,943,950,942,-1,942,950,951,-1,942,951,955,-1,
        ]
    }
}
Shape{
    appearance Appearance {
        material  Material 	{
            diffuseColor 0.7686274509803922 0.7686274509803922 0.7686274509803922
            specularColor 0.615686274509804 0.615686274509804 0.615686274509804
            ambientIntensity 0.7686
            transparency 0.0
            shininess 0.5
        }
    }
    geometry IndexedFaceSet {
        ccw TRUE
        solid FALSE
        coord DEF co Coordinate {
            point [
                -0.9252 0.4132 -0.9842, -0.9252 0.2951 -0.9842, -1.0434 0.4132 -0.9842, -1.0434 0.2951 -0.9842, -0.8859 0.2163 0.1969, -1.0827 0.2163 0.1969, -0.8859 0.2163 -0.8268, -1.0827 0.2163 -0.8268, -1.1221 0.4526 -0.8268, -1.1221 0.2557 -0.8268, -1.1221 0.4526 0.1969, -1.1221 0.2557 0.1969, -0.8859 0.4919 -0.8268, -1.0827 0.4919 -0.8268, -0.8859 0.4919 0.1969, -1.0827 0.4919 0.1969, -0.8465 0.4526 0.1969, -0.8465 0.2557 0.1969, -0.8465 0.4526 -0.8268, -0.8465 0.2557 -0.8268, -0.8465 0.2557 0.7874, -0.8465 0.4526 0.7874, -0.8465 0.2557 2.3622, -0.8465 0.4526 2.3622, -1.0827 0.4919 2.3622, -0.8859 0.4919 2.3622, -1.0827 0.4919 0.7874, -0.8859 0.4919 0.7874, -1.1221 0.2557 2.3622, -1.1221 0.4526 2.3622, -1.1221 0.2557 0.7874, -1.1221 0.4526 0.7874, -1.0827 0.2163 0.7874, -0.8859 0.2163 0.7874, -1.0827 0.2163 2.3622, -0.8859 0.2163 2.3622, -0.9252 0.2951 2.5197, -0.9252 0.4132 2.5197, -1.0434 0.2951 2.5197, -1.0434 0.4132 2.5197, -1.1024 0.2216 -0.8373, -1.1106 0.2279 -0.8498, -0.8833 0.2164 -0.8269, -1.0853 0.2164 -0.8269, -1.0879 0.2167 -0.8274, -0.8708 0.2193 -0.8328, -0.8662 0.2216 -0.8373, -0.858 0.2279 -0.8498, -1.0929 0.2177 -0.8295, -1.0978 0.2193 -0.8328, -0.8757 0.2177 -0.8295, -0.8807 0.2167 -0.8274, -0.8518 0.236 -0.8373, -0.8466 0.4551 -0.8269, -0.8466 0.2531 -0.8269, -0.8468 0.2506 -0.8274, -0.8495 0.4676 -0.8328, -0.8518 0.4722 -0.8373, -0.858 0.4804 -0.8498, -0.8478 0.2455 -0.8295, -0.8495 0.2406 -0.8328, -0.8478 0.4627 -0.8295, -0.8468 0.4577 -0.8274, -1.1168 0.4722 -0.8373, -1.1106 0.4804 -0.8498, -1.122 0.2531 -0.8269, -1.122 0.4551 -0.8269, -1.1218 0.4577 -0.8274, -1.1191 0.2406 -0.8328, -1.1168 0.236 -0.8373, -1.1208 0.4627 -0.8295, -1.1191 0.4676 -0.8328, -1.1208 0.2455 -0.8295, -1.1218 0.2506 -0.8274, -0.8662 0.4866 -0.8373, -1.0853 0.4918 -0.8269, -0.8833 0.4918 -0.8269, -0.8807 0.4916 -0.8274, -1.0978 0.4889 -0.8328, -1.1024 0.4866 -0.8373, -0.8757 0.4906 -0.8295, -0.8708 0.4889 -0.8328, -1.0929 0.4906 -0.8295, -1.0879 0.4916 -0.8274, -1.1024 0.4866 2.3728, -1.1106 0.4804 2.3853, -0.8833 0.4918 2.3624, -1.0853 0.4918 2.3624, -1.0879 0.4916 2.3629, -0.8708 0.4889 2.3682, -0.8662 0.4866 2.3728, -0.858 0.4804 2.3853, -1.0929 0.4906 2.3649, -1.0978 0.4889 2.3682, -0.8757 0.4906 2.3649, -0.8807 0.4916 2.3629, -1.1168 0.236 2.3728, -1.1106 0.2279 2.3853, -1.122 0.4551 2.3624, -1.122 0.2531 2.3624, -1.1218 0.2506 2.3629, -1.1191 0.4676 2.3682, -1.1168 0.4722 2.3728, -1.1208 0.2455 2.3649, -1.1191 0.2406 2.3682, -1.1208 0.4627 2.3649, -1.1218 0.4577 2.3629, -0.8518 0.4722 2.3728, -0.8466 0.2531 2.3624, -0.8466 0.4551 2.3624, -0.8468 0.4577 2.3629, -0.8495 0.2406 2.3682, -0.8518 0.236 2.3728, -0.858 0.2279 2.3853, -0.8478 0.4627 2.3649, -0.8495 0.4676 2.3682, -0.8478 0.2455 2.3649, -0.8468 0.2506 2.3629, -0.8662 0.2216 2.3728, -1.0853 0.2164 2.3624, -1.0978 0.2193 2.3682, -1.1024 0.2216 2.3728, -1.0929 0.2177 2.3649, -1.0879 0.2167 2.3629, -0.8833 0.2164 2.3624, -0.8807 0.2167 2.3629, -0.8757 0.2177 2.3649, -0.8708 0.2193 2.3682, -0.8478 0.4627 0.1969, -0.8757 0.4906 0.1969, -0.8662 0.4866 0.1969, -0.858 0.4804 0.1969, -0.8518 0.4722 0.1969, -0.8757 0.2177 0.1969, -0.8478 0.2455 0.1969, -0.8518 0.236 0.1969, -0.858 0.2279 0.1969, -0.8662 0.2216 0.1969, -1.0929 0.4906 0.1969, -1.1208 0.4627 0.1969, -1.1168 0.4722 0.1969, -1.1106 0.4804 0.1969, -1.1024 0.4866 0.1969, -1.1208 0.2455 0.1969, -1.0929 0.2177 0.1969, -1.1024 0.2216 0.1969, -1.1106 0.2279 0.1969, -1.1168 0.236 0.1969, -1.1024 0.2216 0.7874, -1.0929 0.2177 0.7874, -1.1208 0.2455 0.7874, -1.1106 0.2279 0.7874, -1.1168 0.236 0.7874, -1.1168 0.4722 0.7874, -1.1208 0.4627 0.7874, -1.0929 0.4906 0.7874, -1.1106 0.4804 0.7874, -1.1024 0.4866 0.7874, -0.8518 0.236 0.7874, -0.8478 0.2455 0.7874, -0.8757 0.2177 0.7874, -0.858 0.2279 0.7874, -0.8662 0.2216 0.7874, -0.8662 0.4866 0.7874, -0.8757 0.4906 0.7874, -0.8478 0.4627 0.7874, -0.858 0.4804 0.7874, -0.8518 0.4722 0.7874, 0.059 0.4132 -0.9842, 0.059 0.2951 -0.9842, -0.0591 0.4132 -0.9842, -0.0591 0.2951 -0.9842, 0.0984 0.2163 0.1969, -0.0985 0.2163 0.1969, 0.0984 0.2163 -0.8268, -0.0985 0.2163 -0.8268, -0.1378 0.4526 -0.8268, -0.1378 0.2557 -0.8268, -0.1378 0.4526 0.1969, -0.1378 0.2557 0.1969, 0.0984 0.4919 -0.8268, -0.0985 0.4919 -0.8268, 0.0984 0.4919 0.1969, -0.0985 0.4919 0.1969, 0.1377 0.4526 0.1969, 0.1377 0.2557 0.1969, 0.1377 0.4526 -0.8268, 0.1377 0.2557 -0.8268, 0.1377 0.2557 0.7874, 0.1377 0.4526 0.7874, 0.1377 0.2557 2.3622, 0.1377 0.4526 2.3622, -0.0985 0.4919 2.3622, 0.0984 0.4919 2.3622, -0.0985 0.4919 0.7874, 0.0984 0.4919 0.7874, -0.1378 0.2557 2.3622, -0.1378 0.4526 2.3622, -0.1378 0.2557 0.7874, -0.1378 0.4526 0.7874, -0.0985 0.2163 0.7874, 0.0984 0.2163 0.7874, -0.0985 0.2163 2.3622, 0.0984 0.2163 2.3622, 0.059 0.2951 2.5197, 0.059 0.4132 2.5197, -0.0591 0.2951 2.5197, -0.0591 0.4132 2.5197, 1.0433 0.4132 -0.9842, 1.0433 0.2951 -0.9842, 0.9251 0.4132 -0.9842, 0.9251 0.2951 -0.9842, 1.0826 0.2163 0.1969, 0.8858 0.2163 0.1969, 1.0826 0.2163 -0.8268, 0.8858 0.2163 -0.8268, 0.8464 0.4526 -0.8268, 0.8464 0.2557 -0.8268, 0.8464 0.4526 0.1969, 0.8464 0.2557 0.1969, 1.0826 0.4919 -0.8268, 0.8858 0.4919 -0.8268, 1.0826 0.4919 0.1969, 0.8858 0.4919 0.1969, 1.122 0.4526 0.1969, 1.122 0.2557 0.1969, 1.122 0.4526 -0.8268, 1.122 0.2557 -0.8268, 1.122 0.2557 0.7874, 1.122 0.4526 0.7874, 1.122 0.2557 2.3622, 1.122 0.4526 2.3622, 0.8858 0.4919 2.3622, 1.0826 0.4919 2.3622, 0.8858 0.4919 0.7874, 1.0826 0.4919 0.7874, 0.8464 0.2557 2.3622, 0.8464 0.4526 2.3622, 0.8464 0.2557 0.7874, 0.8464 0.4526 0.7874, 0.8858 0.2163 0.7874, 1.0826 0.2163 0.7874, 0.8858 0.2163 2.3622, 1.0826 0.2163 2.3622, 1.0433 0.2951 2.5197, 1.0433 0.4132 2.5197, 0.9251 0.2951 2.5197, 0.9251 0.4132 2.5197, -0.1182 0.2216 -0.8373, -0.1263 0.2279 -0.8498, 0.101 0.2164 -0.8269, 0.1134 0.2193 -0.8328, 0.1181 0.2216 -0.8373, 0.1262 0.2279 -0.8498, 0.1086 0.2177 -0.8295, 0.1035 0.2167 -0.8274, -0.101 0.2164 -0.8269, -0.1036 0.2167 -0.8274, -0.1087 0.2177 -0.8295, -0.1135 0.2193 -0.8328, 0.1325 0.236 -0.8373, 0.1377 0.4551 -0.8269, 0.1377 0.2531 -0.8269, 0.1374 0.2506 -0.8274, 0.1347 0.4676 -0.8328, 0.1325 0.4722 -0.8373, 0.1262 0.4804 -0.8498, 0.1364 0.2455 -0.8295, 0.1347 0.2406 -0.8328, 0.1364 0.4627 -0.8295, 0.1374 0.4577 -0.8274, -0.1326 0.4722 -0.8373, -0.1263 0.4804 -0.8498, -0.1378 0.2531 -0.8269, -0.1378 0.4551 -0.8269, -0.1375 0.4577 -0.8274, -0.1348 0.2406 -0.8328, -0.1326 0.236 -0.8373, -0.1365 0.4627 -0.8295, -0.1348 0.4676 -0.8328, -0.1365 0.2455 -0.8295, -0.1375 0.2506 -0.8274, 0.1181 0.4866 -0.8373, -0.101 0.4918 -0.8269, 0.101 0.4918 -0.8269, 0.1035 0.4916 -0.8274, -0.1135 0.4889 -0.8328, -0.1182 0.4866 -0.8373, 0.1086 0.4906 -0.8295, 0.1134 0.4889 -0.8328, -0.1087 0.4906 -0.8295, -0.1036 0.4916 -0.8274, 0.8661 0.2216 -0.8373, 0.8579 0.2279 -0.8498, 1.0852 0.2164 -0.8269, 0.8832 0.2164 -0.8269, 0.8806 0.2167 -0.8274, 1.0977 0.2193 -0.8328, 1.1023 0.2216 -0.8373, 1.1105 0.2279 -0.8498, 0.8756 0.2177 -0.8295, 0.8707 0.2193 -0.8328, 1.0928 0.2177 -0.8295, 1.0878 0.2167 -0.8274, 1.1167 0.236 -0.8373, 1.1219 0.4551 -0.8269, 1.1219 0.2531 -0.8269, 1.1217 0.2506 -0.8274, 1.119 0.4676 -0.8328, 1.1167 0.4722 -0.8373, 1.1105 0.4804 -0.8498, 1.1207 0.2455 -0.8295, 1.119 0.2406 -0.8328, 1.1207 0.4627 -0.8295, 1.1217 0.4577 -0.8274, 0.8517 0.4722 -0.8373, 0.8579 0.4804 -0.8498, 0.8465 0.2531 -0.8269, 0.8465 0.4551 -0.8269, 0.8467 0.4577 -0.8274, 0.8494 0.2406 -0.8328, 0.8517 0.236 -0.8373, 0.8477 0.4627 -0.8295, 0.8494 0.4676 -0.8328, 0.8477 0.2455 -0.8295, 0.8467 0.2506 -0.8274, 1.1023 0.4866 -0.8373, 0.8832 0.4918 -0.8269, 1.0852 0.4918 -0.8269, 1.0878 0.4916 -0.8274, 0.8707 0.4889 -0.8328, 0.8661 0.4866 -0.8373, 1.0928 0.4906 -0.8295, 1.0977 0.4889 -0.8328, 0.8756 0.4906 -0.8295, 0.8806 0.4916 -0.8274, -0.1182 0.4866 2.3728, -0.1263 0.4804 2.3853, 0.101 0.4918 2.3624, 0.1134 0.4889 2.3682, 0.1181 0.4866 2.3728, 0.1262 0.4804 2.3853, 0.1086 0.4906 2.3649, 0.1035 0.4916 2.3629, -0.101 0.4918 2.3624, -0.1036 0.4916 2.3629, -0.1087 0.4906 2.3649, -0.1135 0.4889 2.3682, -0.1326 0.236 2.3728, -0.1263 0.2279 2.3853, -0.1378 0.4551 2.3624, -0.1348 0.4676 2.3682, -0.1326 0.4722 2.3728, -0.1365 0.4627 2.3649, -0.1375 0.4577 2.3629, -0.1378 0.2531 2.3624, -0.1375 0.2506 2.3629, -0.1365 0.2455 2.3649, -0.1348 0.2406 2.3682, 0.1325 0.4722 2.3728, 0.1377 0.2531 2.3624, 0.1377 0.4551 2.3624, 0.1374 0.4577 2.3629, 0.1347 0.2406 2.3682, 0.1325 0.236 2.3728, 0.1262 0.2279 2.3853, 0.1364 0.4627 2.3649, 0.1347 0.4676 2.3682, 0.1364 0.2455 2.3649, 0.1374 0.2506 2.3629, 0.1181 0.2216 2.3728, -0.101 0.2164 2.3624, -0.1135 0.2193 2.3682, -0.1182 0.2216 2.3728, -0.1087 0.2177 2.3649, -0.1036 0.2167 2.3629, 0.101 0.2164 2.3624, 0.1035 0.2167 2.3629, 0.1086 0.2177 2.3649, 0.1134 0.2193 2.3682, 0.8661 0.4866 2.3728, 0.8579 0.4804 2.3853, 1.0852 0.4918 2.3624, 0.8832 0.4918 2.3624, 0.8806 0.4916 2.3629, 1.0977 0.4889 2.3682, 1.1023 0.4866 2.3728, 1.1105 0.4804 2.3853, 0.8756 0.4906 2.3649, 0.8707 0.4889 2.3682, 1.0928 0.4906 2.3649, 1.0878 0.4916 2.3629, 0.8517 0.236 2.3728, 0.8579 0.2279 2.3853, 0.8465 0.4551 2.3624, 0.8494 0.4676 2.3682, 0.8517 0.4722 2.3728, 0.8477 0.4627 2.3649, 0.8467 0.4577 2.3629, 0.8465 0.2531 2.3624, 0.8467 0.2506 2.3629, 0.8477 0.2455 2.3649, 0.8494 0.2406 2.3682, 1.1167 0.4722 2.3728, 1.1219 0.2531 2.3624, 1.1219 0.4551 2.3624, 1.1217 0.4577 2.3629, 1.119 0.2406 2.3682, 1.1167 0.236 2.3728, 1.1105 0.2279 2.3853, 1.1207 0.4627 2.3649, 1.119 0.4676 2.3682, 1.1207 0.2455 2.3649, 1.1217 0.2506 2.3629, 1.1023 0.2216 2.3728, 0.8832 0.2164 2.3624, 0.8707 0.2193 2.3682, 0.8661 0.2216 2.3728, 0.8756 0.2177 2.3649, 0.8806 0.2167 2.3629, 1.0852 0.2164 2.3624, 1.0878 0.2167 2.3629, 1.0928 0.2177 2.3649, 1.0977 0.2193 2.3682, 0.1364 0.4627 0.1969, 0.1086 0.4906 0.1969, 0.1181 0.4866 0.1969, 0.1262 0.4804 0.1969, 0.1325 0.4722 0.1969, 0.1086 0.2177 0.1969, 0.1364 0.2455 0.1969, 0.1325 0.236 0.1969, 0.1262 0.2279 0.1969, 0.1181 0.2216 0.1969, -0.1087 0.4906 0.1969, -0.1365 0.4627 0.1969, -0.1326 0.4722 0.1969, -0.1263 0.4804 0.1969, -0.1182 0.4866 0.1969, -0.1365 0.2455 0.1969, -0.1087 0.2177 0.1969, -0.1182 0.2216 0.1969, -0.1263 0.2279 0.1969, -0.1326 0.236 0.1969, -0.1182 0.2216 0.7874, -0.1087 0.2177 0.7874, -0.1365 0.2455 0.7874, -0.1263 0.2279 0.7874, -0.1326 0.236 0.7874, -0.1326 0.4722 0.7874, -0.1365 0.4627 0.7874, -0.1087 0.4906 0.7874, -0.1263 0.4804 0.7874, -0.1182 0.4866 0.7874, 0.1325 0.236 0.7874, 0.1364 0.2455 0.7874, 0.1086 0.2177 0.7874, 0.1262 0.2279 0.7874, 0.1181 0.2216 0.7874, 0.1181 0.4866 0.7874, 0.1086 0.4906 0.7874, 0.1364 0.4627 0.7874, 0.1262 0.4804 0.7874, 0.1325 0.4722 0.7874, 1.1207 0.4627 0.1969, 1.0928 0.4906 0.1969, 1.1023 0.4866 0.1969, 1.1105 0.4804 0.1969, 1.1167 0.4722 0.1969, 1.0928 0.2177 0.1969, 1.1207 0.2455 0.1969, 1.1167 0.236 0.1969, 1.1105 0.2279 0.1969, 1.1023 0.2216 0.1969, 0.8756 0.4906 0.1969, 0.8477 0.4627 0.1969, 0.8517 0.4722 0.1969, 0.8579 0.4804 0.1969, 0.8661 0.4866 0.1969, 0.8477 0.2455 0.1969, 0.8756 0.2177 0.1969, 0.8661 0.2216 0.1969, 0.8579 0.2279 0.1969, 0.8517 0.236 0.1969, 0.8661 0.2216 0.7874, 0.8756 0.2177 0.7874, 0.8477 0.2455 0.7874, 0.8579 0.2279 0.7874, 0.8517 0.236 0.7874, 0.8517 0.4722 0.7874, 0.8477 0.4627 0.7874, 0.8756 0.4906 0.7874, 0.8579 0.4804 0.7874, 0.8661 0.4866 0.7874, 1.1167 0.236 0.7874, 1.1207 0.2455 0.7874, 1.0928 0.2177 0.7874, 1.1105 0.2279 0.7874, 1.1023 0.2216 0.7874, 1.1023 0.4866 0.7874, 1.0928 0.4906 0.7874, 1.1207 0.4627 0.7874, 1.1105 0.4804 0.7874, 1.1167 0.4722 0.7874
            ]
        }
        coordIndex [
            0,1,2,-1,2,1,3,-1,4,5,6,-1,6,5,7,-1,8,9,10,-1,10,9,11,-1,12,13,14,-1,14,13,15,-1,16,17,18,-1,18,17,19,-1,20,21,22,-1,22,21,23,-1,24,25,26,-1,26,25,27,-1,28,29,30,-1,30,29,31,-1,32,33,34,-1,34,33,35,-1,36,37,38,-1,38,37,39,-1,40,41,3,-1,42,6,1,-1,1,6,3,-1,6,7,3,-1,3,7,43,-1,3,43,44,-1,45,1,46,-1,46,1,47,-1,44,48,3,-1,3,48,49,-1,3,49,40,-1,45,50,1,-1,1,50,51,-1,1,51,42,-1,52,47,1,-1,53,18,0,-1,0,18,1,-1,18,19,1,-1,1,19,54,-1,1,54,55,-1,56,0,57,-1,57,0,58,-1,55,59,1,-1,1,59,60,-1,1,60,52,-1,56,61,0,-1,0,61,62,-1,0,62,53,-1,63,64,2,-1,65,9,3,-1,3,9,2,-1,9,8,2,-1,2,8,66,-1,2,66,67,-1,68,3,69,-1,69,3,41,-1,67,70,2,-1,2,70,71,-1,2,71,63,-1,68,72,3,-1,3,72,73,-1,3,73,65,-1,74,58,0,-1,75,13,2,-1,2,13,0,-1,13,12,0,-1,0,12,76,-1,0,76,77,-1,78,2,79,-1,79,2,64,-1,77,80,0,-1,0,80,81,-1,0,81,74,-1,78,82,2,-1,2,82,83,-1,2,83,75,-1,84,85,39,-1,86,25,37,-1,37,25,39,-1,25,24,39,-1,39,24,87,-1,39,87,88,-1,89,37,90,-1,90,37,91,-1,88,92,39,-1,39,92,93,-1,39,93,84,-1,89,94,37,-1,37,94,95,-1,37,95,86,-1,96,97,38,-1,98,29,39,-1,39,29,38,-1,29,28,38,-1,38,28,99,-1,38,99,100,-1,101,39,102,-1,102,39,85,-1,100,103,38,-1,38,103,104,-1,38,104,96,-1,101,105,39,-1,39,105,106,-1,39,106,98,-1,107,91,37,-1,108,22,36,-1,36,22,37,-1,22,23,37,-1,37,23,109,-1,37,109,110,-1,111,36,112,-1,112,36,113,-1,110,114,37,-1,37,114,115,-1,37,115,107,-1,111,116,36,-1,36,116,117,-1,36,117,108,-1,118,113,36,-1,119,34,38,-1,38,34,36,-1,120,38,121,-1,121,38,97,-1,120,122,38,-1,38,122,123,-1,38,123,119,-1,34,35,36,-1,36,35,124,-1,36,124,125,-1,125,126,36,-1,36,126,127,-1,36,127,118,-1,62,61,128,-1,129,77,14,-1,14,77,76,-1,14,76,12,-1,74,81,129,-1,129,81,80,-1,129,80,77,-1,129,130,74,-1,74,130,131,-1,74,131,58,-1,58,131,132,-1,58,132,57,-1,128,61,132,-1,132,61,56,-1,132,56,57,-1,16,18,128,-1,128,18,53,-1,128,53,62,-1,51,50,133,-1,134,55,17,-1,17,55,54,-1,17,54,19,-1,52,60,134,-1,134,60,59,-1,134,59,55,-1,134,135,52,-1,52,135,136,-1,52,136,47,-1,47,136,137,-1,47,137,46,-1,133,50,137,-1,137,50,45,-1,137,45,46,-1,4,6,133,-1,133,6,42,-1,133,42,51,-1,83,82,138,-1,139,67,10,-1,10,67,66,-1,10,66,8,-1,63,71,139,-1,139,71,70,-1,139,70,67,-1,139,140,63,-1,63,140,141,-1,63,141,64,-1,64,141,142,-1,64,142,79,-1,138,82,142,-1,142,82,78,-1,142,78,79,-1,15,13,138,-1,138,13,75,-1,138,75,83,-1,73,72,143,-1,144,44,5,-1,5,44,43,-1,5,43,7,-1,40,49,144,-1,144,49,48,-1,144,48,44,-1,144,145,40,-1,40,145,146,-1,40,146,41,-1,41,146,147,-1,41,147,69,-1,143,72,147,-1,147,72,68,-1,147,68,69,-1,11,9,143,-1,143,9,65,-1,143,65,73,-1,120,148,122,-1,122,148,149,-1,122,149,123,-1,32,34,149,-1,149,34,119,-1,149,119,123,-1,99,28,30,-1,96,104,150,-1,150,104,103,-1,150,103,30,-1,30,103,100,-1,30,100,99,-1,120,121,148,-1,148,121,97,-1,148,97,151,-1,151,97,96,-1,151,96,152,-1,152,96,150,-1,101,153,105,-1,105,153,154,-1,105,154,106,-1,31,29,154,-1,154,29,98,-1,154,98,106,-1,87,24,26,-1,84,93,155,-1,155,93,92,-1,155,92,26,-1,26,92,88,-1,26,88,87,-1,101,102,153,-1,153,102,85,-1,153,85,156,-1,156,85,84,-1,156,84,157,-1,157,84,155,-1,111,158,116,-1,116,158,159,-1,116,159,117,-1,20,22,159,-1,159,22,108,-1,159,108,117,-1,124,35,33,-1,118,127,160,-1,160,127,126,-1,160,126,33,-1,33,126,125,-1,33,125,124,-1,111,112,158,-1,158,112,113,-1,158,113,161,-1,161,113,118,-1,161,118,162,-1,162,118,160,-1,89,163,94,-1,94,163,164,-1,94,164,95,-1,27,25,164,-1,164,25,86,-1,164,86,95,-1,109,23,21,-1,107,115,165,-1,165,115,114,-1,165,114,21,-1,21,114,110,-1,21,110,109,-1,89,90,163,-1,163,90,91,-1,163,91,166,-1,166,91,107,-1,166,107,167,-1,167,107,165,-1,168,169,170,-1,170,169,171,-1,172,173,174,-1,174,173,175,-1,176,177,178,-1,178,177,179,-1,180,181,182,-1,182,181,183,-1,184,185,186,-1,186,185,187,-1,188,189,190,-1,190,189,191,-1,192,193,194,-1,194,193,195,-1,196,197,198,-1,198,197,199,-1,200,201,202,-1,202,201,203,-1,204,205,206,-1,206,205,207,-1,208,209,210,-1,210,209,211,-1,212,213,214,-1,214,213,215,-1,216,217,218,-1,218,217,219,-1,220,221,222,-1,222,221,223,-1,224,225,226,-1,226,225,227,-1,228,229,230,-1,230,229,231,-1,232,233,234,-1,234,233,235,-1,236,237,238,-1,238,237,239,-1,240,241,242,-1,242,241,243,-1,244,245,246,-1,246,245,247,-1,248,249,171,-1,250,174,169,-1,169,174,171,-1,251,169,252,-1,252,169,253,-1,251,254,169,-1,169,254,255,-1,169,255,250,-1,174,175,171,-1,171,175,256,-1,171,256,257,-1,257,258,171,-1,171,258,259,-1,171,259,248,-1,260,253,169,-1,261,186,168,-1,168,186,169,-1,186,187,169,-1,169,187,262,-1,169,262,263,-1,264,168,265,-1,265,168,266,-1,263,267,169,-1,169,267,268,-1,169,268,260,-1,264,269,168,-1,168,269,270,-1,168,270,261,-1,271,272,170,-1,273,177,171,-1,171,177,170,-1,177,176,170,-1,170,176,274,-1,170,274,275,-1,276,171,277,-1,277,171,249,-1,275,278,170,-1,170,278,279,-1,170,279,271,-1,276,280,171,-1,171,280,281,-1,171,281,273,-1,282,266,168,-1,283,181,170,-1,170,181,168,-1,181,180,168,-1,168,180,284,-1,168,284,285,-1,286,170,287,-1,287,170,272,-1,285,288,168,-1,168,288,289,-1,168,289,282,-1,286,290,170,-1,170,290,291,-1,170,291,283,-1,292,293,211,-1,294,214,209,-1,209,214,211,-1,214,215,211,-1,211,215,295,-1,211,295,296,-1,297,209,298,-1,298,209,299,-1,296,300,211,-1,211,300,301,-1,211,301,292,-1,297,302,209,-1,209,302,303,-1,209,303,294,-1,304,299,209,-1,305,226,208,-1,208,226,209,-1,226,227,209,-1,209,227,306,-1,209,306,307,-1,308,208,309,-1,309,208,310,-1,307,311,209,-1,209,311,312,-1,209,312,304,-1,308,313,208,-1,208,313,314,-1,208,314,305,-1,315,316,210,-1,317,217,211,-1,211,217,210,-1,217,216,210,-1,210,216,318,-1,210,318,319,-1,320,211,321,-1,321,211,293,-1,319,322,210,-1,210,322,323,-1,210,323,315,-1,320,324,211,-1,211,324,325,-1,211,325,317,-1,326,310,208,-1,327,221,210,-1,210,221,208,-1,221,220,208,-1,208,220,328,-1,208,328,329,-1,330,210,331,-1,331,210,316,-1,329,332,208,-1,208,332,333,-1,208,333,326,-1,330,334,210,-1,210,334,335,-1,210,335,327,-1,336,337,207,-1,338,193,205,-1,205,193,207,-1,339,205,340,-1,340,205,341,-1,339,342,205,-1,205,342,343,-1,205,343,338,-1,193,192,207,-1,207,192,344,-1,207,344,345,-1,345,346,207,-1,207,346,347,-1,207,347,336,-1,348,349,206,-1,350,197,207,-1,207,197,206,-1,351,207,352,-1,352,207,337,-1,351,353,207,-1,207,353,354,-1,207,354,350,-1,197,196,206,-1,206,196,355,-1,206,355,356,-1,356,357,206,-1,206,357,358,-1,206,358,348,-1,359,341,205,-1,360,190,204,-1,204,190,205,-1,190,191,205,-1,205,191,361,-1,205,361,362,-1,363,204,364,-1,364,204,365,-1,362,366,205,-1,205,366,367,-1,205,367,359,-1,363,368,204,-1,204,368,369,-1,204,369,360,-1,370,365,204,-1,371,202,206,-1,206,202,204,-1,372,206,373,-1,373,206,349,-1,372,374,206,-1,206,374,375,-1,206,375,371,-1,202,203,204,-1,204,203,376,-1,204,376,377,-1,377,378,204,-1,204,378,379,-1,204,379,370,-1,380,381,247,-1,382,233,245,-1,245,233,247,-1,233,232,247,-1,247,232,383,-1,247,383,384,-1,385,245,386,-1,386,245,387,-1,384,388,247,-1,247,388,389,-1,247,389,380,-1,385,390,245,-1,245,390,391,-1,245,391,382,-1,392,393,246,-1,394,237,247,-1,247,237,246,-1,395,247,396,-1,396,247,381,-1,395,397,247,-1,247,397,398,-1,247,398,394,-1,237,236,246,-1,246,236,399,-1,246,399,400,-1,400,401,246,-1,246,401,402,-1,246,402,392,-1,403,387,245,-1,404,230,244,-1,244,230,245,-1,230,231,245,-1,245,231,405,-1,245,405,406,-1,407,244,408,-1,408,244,409,-1,406,410,245,-1,245,410,411,-1,245,411,403,-1,407,412,244,-1,244,412,413,-1,244,413,404,-1,414,409,244,-1,415,242,246,-1,246,242,244,-1,416,246,417,-1,417,246,393,-1,416,418,246,-1,246,418,419,-1,246,419,415,-1,242,243,244,-1,244,243,420,-1,244,420,421,-1,421,422,244,-1,244,422,423,-1,244,423,414,-1,270,269,424,-1,425,285,182,-1,182,285,284,-1,182,284,180,-1,282,289,425,-1,425,289,288,-1,425,288,285,-1,425,426,282,-1,282,426,427,-1,282,427,266,-1,266,427,428,-1,266,428,265,-1,424,269,428,-1,428,269,264,-1,428,264,265,-1,184,186,424,-1,424,186,261,-1,424,261,270,-1,255,254,429,-1,430,263,185,-1,185,263,262,-1,185,262,187,-1,260,268,430,-1,430,268,267,-1,430,267,263,-1,430,431,260,-1,260,431,432,-1,260,432,253,-1,253,432,433,-1,253,433,252,-1,429,254,433,-1,433,254,251,-1,433,251,252,-1,172,174,429,-1,429,174,250,-1,429,250,255,-1,291,290,434,-1,435,275,178,-1,178,275,274,-1,178,274,176,-1,271,279,435,-1,435,279,278,-1,435,278,275,-1,435,436,271,-1,271,436,437,-1,271,437,272,-1,272,437,438,-1,272,438,287,-1,434,290,438,-1,438,290,286,-1,438,286,287,-1,183,181,434,-1,434,181,283,-1,434,283,291,-1,281,280,439,-1,440,257,173,-1,173,257,256,-1,173,256,175,-1,248,259,440,-1,440,259,258,-1,440,258,257,-1,440,441,248,-1,248,441,442,-1,248,442,249,-1,249,442,443,-1,249,443,277,-1,439,280,443,-1,443,280,276,-1,443,276,277,-1,179,177,439,-1,439,177,273,-1,439,273,281,-1,372,444,374,-1,374,444,445,-1,374,445,375,-1,200,202,445,-1,445,202,371,-1,445,371,375,-1,355,196,198,-1,348,358,446,-1,446,358,357,-1,446,357,198,-1,198,357,356,-1,198,356,355,-1,372,373,444,-1,444,373,349,-1,444,349,447,-1,447,349,348,-1,447,348,448,-1,448,348,446,-1,351,449,353,-1,353,449,450,-1,353,450,354,-1,199,197,450,-1,450,197,350,-1,450,350,354,-1,344,192,194,-1,336,347,451,-1,451,347,346,-1,451,346,194,-1,194,346,345,-1,194,345,344,-1,351,352,449,-1,449,352,337,-1,449,337,452,-1,452,337,336,-1,452,336,453,-1,453,336,451,-1,363,454,368,-1,368,454,455,-1,368,455,369,-1,188,190,455,-1,455,190,360,-1,455,360,369,-1,376,203,201,-1,370,379,456,-1,456,379,378,-1,456,378,201,-1,201,378,377,-1,201,377,376,-1,363,364,454,-1,454,364,365,-1,454,365,457,-1,457,365,370,-1,457,370,458,-1,458,370,456,-1,339,459,342,-1,342,459,460,-1,342,460,343,-1,195,193,460,-1,460,193,338,-1,460,338,343,-1,361,191,189,-1,359,367,461,-1,461,367,366,-1,461,366,189,-1,189,366,362,-1,189,362,361,-1,339,340,459,-1,459,340,341,-1,459,341,462,-1,462,341,359,-1,462,359,463,-1,463,359,461,-1,314,313,464,-1,465,329,222,-1,222,329,328,-1,222,328,220,-1,326,333,465,-1,465,333,332,-1,465,332,329,-1,465,466,326,-1,326,466,467,-1,326,467,310,-1,310,467,468,-1,310,468,309,-1,464,313,468,-1,468,313,308,-1,468,308,309,-1,224,226,464,-1,464,226,305,-1,464,305,314,-1,303,302,469,-1,470,307,225,-1,225,307,306,-1,225,306,227,-1,304,312,470,-1,470,312,311,-1,470,311,307,-1,470,471,304,-1,304,471,472,-1,304,472,299,-1,299,472,473,-1,299,473,298,-1,469,302,473,-1,473,302,297,-1,473,297,298,-1,212,214,469,-1,469,214,294,-1,469,294,303,-1,335,334,474,-1,475,319,218,-1,218,319,318,-1,218,318,216,-1,315,323,475,-1,475,323,322,-1,475,322,319,-1,475,476,315,-1,315,476,477,-1,315,477,316,-1,316,477,478,-1,316,478,331,-1,474,334,478,-1,478,334,330,-1,478,330,331,-1,223,221,474,-1,474,221,327,-1,474,327,335,-1,325,324,479,-1,480,296,213,-1,213,296,295,-1,213,295,215,-1,292,301,480,-1,480,301,300,-1,480,300,296,-1,480,481,292,-1,292,481,482,-1,292,482,293,-1,293,482,483,-1,293,483,321,-1,479,324,483,-1,483,324,320,-1,483,320,321,-1,219,217,479,-1,479,217,317,-1,479,317,325,-1,416,484,418,-1,418,484,485,-1,418,485,419,-1,240,242,485,-1,485,242,415,-1,485,415,419,-1,399,236,238,-1,392,402,486,-1,486,402,401,-1,486,401,238,-1,238,401,400,-1,238,400,399,-1,416,417,484,-1,484,417,393,-1,484,393,487,-1,487,393,392,-1,487,392,488,-1,488,392,486,-1,395,489,397,-1,397,489,490,-1,397,490,398,-1,239,237,490,-1,490,237,394,-1,490,394,398,-1,383,232,234,-1,380,389,491,-1,491,389,388,-1,491,388,234,-1,234,388,384,-1,234,384,383,-1,395,396,489,-1,489,396,381,-1,489,381,492,-1,492,381,380,-1,492,380,493,-1,493,380,491,-1,407,494,412,-1,412,494,495,-1,412,495,413,-1,228,230,495,-1,495,230,404,-1,495,404,413,-1,420,243,241,-1,414,423,496,-1,496,423,422,-1,496,422,241,-1,241,422,421,-1,241,421,420,-1,407,408,494,-1,494,408,409,-1,494,409,497,-1,497,409,414,-1,497,414,498,-1,498,414,496,-1,385,499,390,-1,390,499,500,-1,390,500,391,-1,235,233,500,-1,500,233,382,-1,500,382,391,-1,405,231,229,-1,403,411,501,-1,501,411,410,-1,501,410,229,-1,229,410,406,-1,229,406,405,-1,385,386,499,-1,499,386,387,-1,499,387,502,-1,502,387,403,-1,502,403,503,-1,503,403,501,-1,
        ]
    }
}
Shape{
    appearance Appearance {
        material  Material 	{
            diffuseColor 0.0 0.0 0.0
            specularColor 0.0 0.0 0.0
            ambientIntensity 0.0
            transparency 0.0
            shininess 0.5
        }
    }
    geometry IndexedFaceSet {
        ccw TRUE
        solid FALSE
        coord DEF co Coordinate {
            point [
                0.9704 1.2994 0.7035, 0.9705 1.2994 0.6898, 0.9704 1.299 0.7035, 0.9705 1.299 0.6898, 1.0183 1.2994 0.7038, 1.0183 1.299 0.7038, 1.0175 1.2994 0.8102, 1.0175 1.299 0.8097, 1.0175 1.299 0.8102, 1.033 1.2994 0.8103, 1.033 1.299 0.8103, 1.0339 1.299 0.6902, 1.0339 1.2994 0.6902, 1.033 1.299 0.8097, 0.8756 1.299 0.6941, 0.8756 1.2994 0.6941, 0.8777 1.2994 0.6931, 0.9089 1.2994 0.6873, 0.9089 1.299 0.6873, 0.9052 1.299 0.6876, 0.8906 1.2994 0.6889, 0.8906 1.299 0.6889, 0.8809 1.299 0.6921, 0.8777 1.299 0.6931, 0.8755 1.2994 0.7089, 0.8755 1.299 0.7089, 0.8809 1.299 0.7066, 0.8874 1.2994 0.7037, 0.8874 1.299 0.7037, 0.901 1.299 0.7013, 0.901 1.2994 0.7013, 0.9066 1.299 0.7011, 0.9066 1.2994 0.7011, 0.9187 1.299 0.7026, 0.9187 1.2994 0.7026, 0.9272 1.299 0.706, 0.9272 1.2994 0.706, 0.935 1.299 0.7116, 0.935 1.2994 0.7116, 0.9374 1.299 0.714, 0.9374 1.2994 0.714, 0.9432 1.299 0.7222, 0.9432 1.2994 0.7222, 0.947 1.299 0.7319, 0.947 1.2994 0.7319, 0.9488 1.299 0.7439, 0.9488 1.2994 0.7439, 0.9489 1.299 0.7483, 0.9489 1.2994 0.7483, 0.9468 1.299 0.7649, 0.9468 1.2994 0.7649, 0.9427 1.299 0.7752, 0.9427 1.2994 0.7752, 0.936 1.299 0.7843, 0.936 1.2994 0.7843, 0.9278 1.299 0.791, 0.9278 1.2994 0.791, 0.9183 1.299 0.7953, 0.9183 1.2994 0.7953, 0.9079 1.299 0.7973, 0.9079 1.2994 0.7973, 0.9032 1.299 0.7974, 0.9032 1.2994 0.7974, 0.875 1.299 0.7901, 0.875 1.2994 0.7901, 0.8763 1.2994 0.7908, 0.8885 1.299 0.7956, 0.8885 1.2994 0.7956, 0.8809 1.299 0.7926, 0.8763 1.299 0.7908, 0.8749 1.2994 0.8063, 0.8749 1.299 0.8063, 0.8862 1.299 0.8097, 0.8875 1.2994 0.8101, 0.8809 1.299 0.8081, 0.8875 1.299 0.8101, 0.9032 1.299 0.8114, 0.9032 1.2994 0.8114, 0.9033 1.299 0.8114, 0.9033 1.2994 0.8114, 0.9207 1.2994 0.8094, 0.9185 1.299 0.8097, 0.9207 1.299 0.8094, 0.9333 1.299 0.8046, 0.9333 1.2994 0.8046, 0.9446 1.299 0.7968, 0.9446 1.2994 0.7968, 0.9475 1.299 0.7941, 0.9475 1.2994 0.7941, 0.9563 1.299 0.7827, 0.9563 1.2994 0.7827, 0.9607 1.299 0.7727, 0.9621 1.2994 0.7694, 0.9621 1.299 0.7694, 0.9649 1.299 0.7538, 0.9649 1.2994 0.7538, 0.9652 1.299 0.7475, 0.9652 1.2994 0.7475, 0.9501 1.299 0.704, 0.9501 1.2994 0.704, 0.9581 1.2994 0.7153, 0.9629 1.299 0.7278, 0.9629 1.2994 0.7278, 0.9607 1.299 0.7219, 0.9581 1.299 0.7153, 0.915 1.299 0.6876, 0.9162 1.2994 0.6877, 0.9162 1.299 0.6877, 0.9292 1.2994 0.6905, 0.9292 1.299 0.6905, 0.9405 1.2994 0.6959, 0.9405 1.299 0.6959, 0.787 1.2994 0.7022, 0.7871 1.2994 0.6885, 0.787 1.299 0.7022, 0.7871 1.299 0.6885, 0.836 1.299 0.7025, 0.836 1.2994 0.7025, 0.8047 1.299 0.7023, 0.8358 1.2994 0.7429, 0.8358 1.299 0.7429, 0.7928 1.299 0.7426, 0.7928 1.2994 0.7426, 0.8047 1.299 0.7427, 0.7927 1.2994 0.7564, 0.7927 1.299 0.7564, 0.8357 1.299 0.7567, 0.8357 1.2994 0.7567, 0.8047 1.299 0.7564, 0.8354 1.2994 0.7951, 0.8354 1.299 0.7951, 0.789 1.299 0.7948, 0.789 1.2994 0.7948, 0.8047 1.299 0.7949, 0.7889 1.2994 0.8086, 0.7889 1.299 0.8086, 0.8508 1.299 0.809, 0.8508 1.2994 0.809, 0.8047 1.299 0.8087, 0.8516 1.2994 0.6889, 0.8516 1.299 0.6889, 0.8047 1.299 0.6886, 0.6846 1.2994 0.7046, 0.6969 1.2994 0.7128, 0.6971 1.2994 0.6957, 0.7046 1.2994 0.7075, 0.7108 1.2994 0.6904, 0.7145 1.2994 0.7037, 0.7313 1.2994 0.6881, 0.7313 1.2994 0.7018, 0.7644 1.2994 0.6883, 0.7488 1.2994 0.7019, 0.7635 1.2994 0.8084, 0.7481 1.2994 0.7945, 0.7292 1.2994 0.8082, 0.73 1.2994 0.7944, 0.7109 1.2994 0.806, 0.7145 1.2994 0.7925, 0.6965 1.2994 0.8006, 0.7041 1.2994 0.7887, 0.684 1.2994 0.7919, 0.6954 1.2994 0.7828, 0.6798 1.2994 0.7878, 0.6921 1.2994 0.7796, 0.6724 1.2994 0.7773, 0.6875 1.2994 0.7728, 0.6681 1.2994 0.7659, 0.6842 1.2994 0.7641, 0.6661 1.2994 0.7492, 0.6825 1.2994 0.7489, 0.6666 1.2994 0.7416, 0.6831 1.2994 0.7395, 0.6696 1.2994 0.7275, 0.6858 1.2994 0.7289, 0.6756 1.2994 0.7151, 0.6902 1.2994 0.7203, 0.6955 1.2994 0.714, 0.7313 1.299 0.6881, 0.7644 1.299 0.6883, 0.7108 1.299 0.6904, 0.6971 1.299 0.6957, 0.6846 1.299 0.7046, 0.6756 1.299 0.7151, 0.6696 1.299 0.7275, 0.6666 1.299 0.7416, 0.6661 1.299 0.7492, 0.6681 1.299 0.7659, 0.6724 1.299 0.7773, 0.6798 1.299 0.7878, 0.684 1.299 0.7919, 0.6965 1.299 0.8006, 0.7109 1.299 0.806, 0.7292 1.299 0.8082, 0.7635 1.299 0.8084, 0.73 1.299 0.7944, 0.7481 1.299 0.7945, 0.7488 1.299 0.7019, 0.7313 1.299 0.7018, 0.6955 1.299 0.714, 0.6969 1.299 0.7128, 0.7046 1.299 0.7075, 0.7145 1.299 0.7037, 0.6825 1.299 0.7489, 0.6831 1.299 0.7395, 0.6858 1.299 0.7289, 0.6902 1.299 0.7203, 0.6954 1.299 0.7828, 0.6921 1.299 0.7796, 0.6875 1.299 0.7728, 0.6842 1.299 0.7641, 0.7145 1.299 0.7925, 0.7041 1.299 0.7887
            ]
        }
        coordIndex [
            0,1,2,-1,2,1,3,-1,4,0,5,-1,5,0,2,-1,4,5,6,-1,6,5,7,-1,6,7,8,-1,9,6,10,-1,10,6,8,-1,11,12,13,-1,13,12,9,-1,13,9,10,-1,1,12,3,-1,3,12,11,-1,6,9,4,-1,4,9,12,-1,4,12,0,-1,0,12,1,-1,14,15,16,-1,17,18,19,-1,17,19,20,-1,19,21,20,-1,20,21,22,-1,20,22,16,-1,16,22,23,-1,16,23,14,-1,24,15,25,-1,25,15,14,-1,24,25,26,-1,24,26,27,-1,26,28,27,-1,27,28,29,-1,27,29,30,-1,30,29,31,-1,30,31,32,-1,32,31,33,-1,32,33,34,-1,34,33,35,-1,34,35,36,-1,36,35,37,-1,36,37,38,-1,38,37,39,-1,38,39,40,-1,40,39,41,-1,40,41,42,-1,42,41,43,-1,42,43,44,-1,44,43,45,-1,44,45,46,-1,46,45,47,-1,46,47,48,-1,48,47,49,-1,48,49,50,-1,50,49,51,-1,50,51,52,-1,52,51,53,-1,52,53,54,-1,54,53,55,-1,54,55,56,-1,56,55,57,-1,56,57,58,-1,58,57,59,-1,58,59,60,-1,60,59,61,-1,60,61,62,-1,63,64,65,-1,62,61,66,-1,62,66,67,-1,67,66,68,-1,67,68,65,-1,65,68,69,-1,65,69,63,-1,70,64,71,-1,71,64,63,-1,72,73,74,-1,74,73,70,-1,74,70,71,-1,72,75,73,-1,73,75,76,-1,73,76,77,-1,77,76,78,-1,77,78,79,-1,80,79,81,-1,81,79,78,-1,81,82,80,-1,80,82,83,-1,80,83,84,-1,84,83,85,-1,84,85,86,-1,86,85,87,-1,86,87,88,-1,88,87,89,-1,88,89,90,-1,90,89,91,-1,90,91,92,-1,91,93,92,-1,92,93,94,-1,92,94,95,-1,95,94,96,-1,95,96,97,-1,98,99,100,-1,97,96,101,-1,97,101,102,-1,102,101,103,-1,102,103,100,-1,100,103,104,-1,100,104,98,-1,18,17,105,-1,105,17,106,-1,105,106,107,-1,107,106,108,-1,107,108,109,-1,109,108,110,-1,109,110,111,-1,111,110,99,-1,111,99,98,-1,65,64,70,-1,56,86,54,-1,54,86,88,-1,54,88,52,-1,52,88,90,-1,52,90,50,-1,65,70,67,-1,67,70,73,-1,67,73,62,-1,62,73,77,-1,62,77,60,-1,60,77,79,-1,60,79,58,-1,58,79,80,-1,58,80,56,-1,56,80,84,-1,56,84,86,-1,97,48,95,-1,95,48,50,-1,95,50,92,-1,92,50,90,-1,15,24,16,-1,16,24,27,-1,16,27,20,-1,20,27,30,-1,20,30,17,-1,17,30,32,-1,17,32,106,-1,106,32,34,-1,106,34,108,-1,108,34,36,-1,108,36,110,-1,110,36,38,-1,110,38,99,-1,99,38,40,-1,99,40,100,-1,100,40,42,-1,100,42,102,-1,102,42,44,-1,102,44,97,-1,97,44,46,-1,97,46,48,-1,112,113,114,-1,114,113,115,-1,116,117,118,-1,118,117,112,-1,118,112,114,-1,119,117,120,-1,120,117,116,-1,121,122,123,-1,123,122,119,-1,123,119,120,-1,124,122,125,-1,125,122,121,-1,126,127,128,-1,128,127,124,-1,128,124,125,-1,129,127,130,-1,130,127,126,-1,131,132,133,-1,133,132,129,-1,133,129,130,-1,134,132,135,-1,135,132,131,-1,136,137,138,-1,138,137,134,-1,138,134,135,-1,139,137,140,-1,140,137,136,-1,115,113,141,-1,141,113,139,-1,141,139,140,-1,139,113,112,-1,112,117,139,-1,139,117,119,-1,139,119,137,-1,132,134,129,-1,129,134,137,-1,129,137,127,-1,127,137,119,-1,127,119,124,-1,124,119,122,-1,142,143,144,-1,144,143,145,-1,144,145,146,-1,146,145,147,-1,146,147,148,-1,148,147,149,-1,148,149,150,-1,150,149,151,-1,150,151,152,-1,152,151,153,-1,152,153,154,-1,154,153,155,-1,154,155,156,-1,156,155,157,-1,156,157,158,-1,158,157,159,-1,158,159,160,-1,160,159,161,-1,160,161,162,-1,162,161,163,-1,162,163,164,-1,164,163,165,-1,164,165,166,-1,166,165,167,-1,166,167,168,-1,168,167,169,-1,168,169,170,-1,170,169,171,-1,170,171,172,-1,172,171,173,-1,172,173,174,-1,174,173,175,-1,174,175,142,-1,142,175,176,-1,142,176,143,-1,148,150,177,-1,177,150,178,-1,148,177,179,-1,148,179,146,-1,146,179,180,-1,146,180,144,-1,144,180,181,-1,144,181,142,-1,142,181,182,-1,142,182,174,-1,174,182,183,-1,174,183,172,-1,172,183,184,-1,172,184,170,-1,170,184,185,-1,170,185,168,-1,168,185,186,-1,168,186,166,-1,166,186,187,-1,166,187,164,-1,164,187,188,-1,164,188,162,-1,162,188,189,-1,162,189,160,-1,160,189,190,-1,160,190,158,-1,158,190,191,-1,158,191,156,-1,156,191,192,-1,156,192,154,-1,152,154,193,-1,193,154,192,-1,150,152,178,-1,178,152,193,-1,155,153,194,-1,194,153,195,-1,153,151,195,-1,195,151,196,-1,151,149,196,-1,196,149,197,-1,176,198,199,-1,176,199,143,-1,143,199,200,-1,143,200,145,-1,145,200,201,-1,145,201,147,-1,147,201,197,-1,147,197,149,-1,169,202,203,-1,169,203,171,-1,171,203,204,-1,171,204,173,-1,173,204,205,-1,173,205,175,-1,175,205,198,-1,175,198,176,-1,161,206,207,-1,161,207,163,-1,163,207,208,-1,163,208,165,-1,165,208,209,-1,165,209,167,-1,167,209,202,-1,167,202,169,-1,155,194,210,-1,155,210,157,-1,157,210,211,-1,157,211,159,-1,159,211,206,-1,159,206,161,-1,
        ]
    }
}
Shape{
    appearance Appearance {
        material  Material 	{
            diffuseColor 1.0 1.0 1.0
            specularColor 0.30196078431372547 0.30196078431372547 0.30196078431372547
            ambientIntensity 1.0
            transparency 0.0
            shininess 0.5
        }
    }
    geometry IndexedFaceSet {
        ccw TRUE
        solid FALSE
        coord DEF co Coordinate {
            point [
                0.6969 1.299 0.7128, 0.6955 1.299 0.714, 0.73 1.299 0.7944, 0.7481 1.299 0.7945, 0.7488 1.299 0.7019, 0.7313 1.299 0.7018, 0.7145 1.299 0.7037, 0.7046 1.299 0.7075, 0.6902 1.299 0.7203, 0.6858 1.299 0.7289, 0.6831 1.299 0.7395, 0.6825 1.299 0.7489, 0.6842 1.299 0.7641, 0.6875 1.299 0.7728, 0.6921 1.299 0.7796, 0.6954 1.299 0.7828, 0.7145 1.299 0.7925, 0.7041 1.299 0.7887
            ]
        }
        coordIndex [
            0,1,2,-1,3,4,2,-1,2,4,5,-1,5,6,2,-1,2,6,7,-1,2,7,0,-1,1,8,2,-1,2,8,9,-1,2,9,10,-1,10,11,2,-1,2,11,12,-1,2,12,13,-1,13,14,2,-1,2,14,15,-1,2,15,16,-1,16,15,17,-1,
        ]
    }
}
Shape{
    appearance Appearance {
        material  Material 	{
            diffuseColor 0.0 0.0 0.0
            specularColor 0.0 0.0 0.0
            ambientIntensity 0.0
            transparency 0.0
            shininess 0.5
        }
    }
    geometry IndexedFaceSet {
        ccw TRUE
        solid FALSE
        coord DEF co Coordinate {
            point [
                0.626 1.2994 0.7337, 0.6077 1.2994 0.7835, 0.6133 1.2994 0.8073, 0.6599 1.2994 0.6876, 0.6428 1.2994 0.6874, 0.631 1.2994 0.7202, 0.6066 1.2994 0.7871, 0.6057 1.2994 0.7919, 0.5967 1.2994 0.8072, 0.6053 1.2994 0.7919, 0.6044 1.2994 0.7868, 0.6035 1.2994 0.7835, 0.5857 1.2994 0.7335, 0.5519 1.2994 0.6868, 0.569 1.2994 0.6869, 0.581 1.2994 0.7199, 0.5967 1.299 0.8072, 0.5522 1.299 0.6876, 0.5519 1.299 0.6868, 0.6133 1.299 0.8073, 0.6599 1.299 0.6876, 0.6599 1.299 0.6876, 0.6266 1.299 0.7732, 0.6428 1.299 0.6874, 0.631 1.299 0.7202, 0.6427 1.299 0.6876, 0.581 1.299 0.7199, 0.6266 1.299 0.7202, 0.5692 1.299 0.6876, 0.569 1.299 0.6869, 0.626 1.299 0.7337, 0.5857 1.299 0.7335, 0.6035 1.299 0.7835, 0.6053 1.299 0.7919, 0.6044 1.299 0.7868, 0.6057 1.299 0.7919, 0.6077 1.299 0.7835, 0.6066 1.299 0.7871
            ]
        }
        coordIndex [
            0,1,2,-1,3,4,5,-1,1,6,2,-1,2,6,7,-1,2,7,8,-1,8,7,9,-1,8,9,10,-1,10,11,8,-1,8,11,12,-1,8,12,13,-1,14,13,15,-1,15,13,12,-1,15,12,5,-1,5,12,0,-1,5,0,3,-1,3,0,2,-1,16,8,17,-1,17,8,13,-1,17,13,18,-1,2,8,19,-1,19,8,16,-1,20,21,3,-1,20,3,22,-1,22,3,2,-1,22,2,19,-1,4,3,23,-1,23,3,21,-1,24,5,25,-1,25,5,4,-1,25,4,23,-1,26,15,27,-1,27,15,5,-1,27,5,24,-1,15,26,14,-1,14,26,28,-1,14,28,29,-1,13,14,18,-1,18,14,29,-1,0,12,30,-1,30,12,31,-1,12,11,31,-1,31,11,32,-1,9,33,34,-1,9,34,10,-1,10,34,32,-1,10,32,11,-1,9,7,33,-1,33,7,35,-1,1,36,37,-1,1,37,6,-1,6,37,35,-1,6,35,7,-1,1,0,36,-1,36,0,30,-1,
        ]
    }
}
Shape{
    appearance Appearance {
        material  Material 	{
            diffuseColor 1.0 1.0 1.0
            specularColor 0.30196078431372547 0.30196078431372547 0.30196078431372547
            ambientIntensity 1.0
            transparency 0.0
            shininess 0.5
        }
    }
    geometry IndexedFaceSet {
        ccw TRUE
        solid FALSE
        coord DEF co Coordinate {
            point [
                0.6053 1.299 0.7919, 0.6057 1.299 0.7919, 0.6044 1.299 0.7868, 0.6066 1.299 0.7871, 0.6035 1.299 0.7835, 0.6077 1.299 0.7835, 0.5857 1.299 0.7335, 0.626 1.299 0.7337
            ]
        }
        coordIndex [
            0,1,2,-1,2,1,3,-1,2,3,4,-1,4,3,5,-1,4,5,6,-1,6,5,7,-1,
        ]
    }
}
Shape{
    appearance Appearance {
        material  Material 	{
            diffuseColor 0.0 0.0 0.0
            specularColor 0.0 0.0 0.0
            ambientIntensity 0.0
            transparency 0.0
            shininess 0.5
        }
    }
    geometry IndexedFaceSet {
        ccw TRUE
        solid FALSE
        coord DEF co Coordinate {
            point [
                0.9705 1.2994 0.5129, 0.9706 1.2994 0.4992, 0.9705 1.299 0.5129, 0.9706 1.299 0.4992, 1.0196 1.2994 0.5133, 1.0196 1.299 0.5133, 1.0193 1.2994 0.5537, 1.0193 1.299 0.5537, 0.9764 1.2994 0.5534, 0.9764 1.299 0.5534, 0.9763 1.2994 0.5671, 0.9763 1.299 0.5671, 1.0192 1.2994 0.5674, 1.0192 1.299 0.5674, 1.0189 1.2994 0.6059, 1.0189 1.299 0.6059, 0.9726 1.2994 0.6055, 0.9726 1.299 0.6055, 0.9725 1.2994 0.6194, 0.9725 1.299 0.6194, 1.0344 1.2994 0.6198, 1.0344 1.299 0.6198, 1.0352 1.2994 0.4997, 1.0352 1.299 0.4997, 0.9023 1.2994 0.4987, 0.8873 1.2994 0.4986, 0.9022 1.2994 0.512, 0.8869 1.2994 0.5538, 0.9026 1.2994 0.512, 0.9105 1.2994 0.5143, 0.9051 1.2994 0.5084, 0.9148 1.2994 0.5114, 0.9315 1.2994 0.5371, 0.9221 1.2994 0.5392, 0.902 1.2994 0.5418, 0.9021 1.2994 0.5336, 0.9021 1.2994 0.5326, 0.9031 1.2994 0.5259, 0.9054 1.2994 0.5205, 0.9087 1.2994 0.5161, 0.9072 1.2994 0.5854, 0.9106 1.2994 0.5726, 0.9012 1.2994 0.5832, 0.9079 1.2994 0.5708, 0.935 1.2994 0.5354, 0.9019 1.2994 0.5533, 0.9024 1.2994 0.5599, 0.8883 1.2994 0.5665, 0.9039 1.2994 0.5653, 0.8907 1.2994 0.573, 0.9057 1.2994 0.5684, 0.8939 1.2994 0.5777, 0.8964 1.2994 0.5802, 0.9473 1.2994 0.5788, 0.9474 1.2994 0.5642, 0.9442 1.2994 0.5806, 0.9369 1.2994 0.5707, 0.933 1.2994 0.5848, 0.9275 1.2994 0.5737, 0.9177 1.2994 0.5866, 0.9192 1.2994 0.5744, 0.914 1.2994 0.5738, 0.9378 1.2994 0.5145, 0.9488 1.2994 0.5038, 0.9365 1.2994 0.5132, 0.9438 1.2994 0.5002, 0.9335 1.2994 0.5111, 0.938 1.2994 0.498, 0.9301 1.2994 0.5098, 0.929 1.2994 0.4969, 0.925 1.2994 0.5092, 0.9212 1.2994 0.4977, 0.9194 1.2994 0.5098, 0.9151 1.2994 0.4999, 0.9099 1.2994 0.5033, 0.9274 1.2994 0.5499, 0.9399 1.2994 0.5467, 0.9367 1.2994 0.5341, 0.9459 1.2994 0.5434, 0.9385 1.2994 0.5318, 0.9504 1.2994 0.5394, 0.9399 1.2994 0.529, 0.9535 1.2994 0.5345, 0.9406 1.2994 0.5256, 0.9553 1.2994 0.529, 0.9408 1.2994 0.5232, 0.9561 1.2994 0.5221, 0.9404 1.2994 0.5198, 0.9552 1.2994 0.5148, 0.9395 1.2994 0.517, 0.9534 1.2994 0.5098, 0.9502 1.2994 0.5052, 0.9177 1.299 0.5866, 0.933 1.299 0.5848, 0.9442 1.299 0.5806, 0.9473 1.299 0.5788, 0.9474 1.299 0.5642, 0.9369 1.299 0.5707, 0.9275 1.299 0.5737, 0.9192 1.299 0.5744, 0.914 1.299 0.5738, 0.9106 1.299 0.5726, 0.9079 1.299 0.5708, 0.9057 1.299 0.5684, 0.9039 1.299 0.5653, 0.9024 1.299 0.5599, 0.9019 1.299 0.5533, 0.9274 1.299 0.5499, 0.9399 1.299 0.5467, 0.9459 1.299 0.5434, 0.9504 1.299 0.5394, 0.9535 1.299 0.5345, 0.9553 1.299 0.529, 0.9561 1.299 0.5221, 0.9552 1.299 0.5148, 0.9534 1.299 0.5098, 0.9502 1.299 0.5052, 0.9488 1.299 0.5038, 0.9438 1.299 0.5002, 0.938 1.299 0.498, 0.929 1.299 0.4969, 0.9212 1.299 0.4977, 0.9151 1.299 0.4999, 0.9099 1.299 0.5033, 0.9051 1.299 0.5084, 0.9026 1.299 0.512, 0.9022 1.299 0.512, 0.9023 1.299 0.4987, 0.8873 1.299 0.4986, 0.8869 1.299 0.5538, 0.8883 1.299 0.5665, 0.8907 1.299 0.573, 0.8939 1.299 0.5777, 0.8964 1.299 0.5802, 0.9012 1.299 0.5832, 0.9072 1.299 0.5854, 0.9367 1.299 0.5341, 0.935 1.299 0.5354, 0.9315 1.299 0.5371, 0.9221 1.299 0.5392, 0.9408 1.299 0.5232, 0.9406 1.299 0.5256, 0.9399 1.299 0.529, 0.9385 1.299 0.5318, 0.9365 1.299 0.5132, 0.9378 1.299 0.5145, 0.9395 1.299 0.517, 0.9404 1.299 0.5198, 0.925 1.299 0.5092, 0.9301 1.299 0.5098, 0.9335 1.299 0.5111, 0.9087 1.299 0.5161, 0.9105 1.299 0.5143, 0.9148 1.299 0.5114, 0.9194 1.299 0.5098, 0.9021 1.299 0.5336, 0.9021 1.299 0.5326, 0.9031 1.299 0.5259, 0.9054 1.299 0.5205, 0.902 1.299 0.5418
            ]
        }
        coordIndex [
            0,1,2,-1,2,1,3,-1,4,0,5,-1,5,0,2,-1,6,4,7,-1,7,4,5,-1,8,6,9,-1,9,6,7,-1,10,8,11,-1,11,8,9,-1,12,10,13,-1,13,10,11,-1,14,12,15,-1,15,12,13,-1,16,14,17,-1,17,14,15,-1,18,16,19,-1,19,16,17,-1,20,18,21,-1,21,18,19,-1,22,20,23,-1,23,20,21,-1,1,22,3,-1,3,22,23,-1,22,1,0,-1,0,4,22,-1,22,4,6,-1,22,6,20,-1,16,18,14,-1,14,18,20,-1,14,20,12,-1,12,20,6,-1,12,6,10,-1,10,6,8,-1,24,25,26,-1,26,25,27,-1,28,29,30,-1,30,29,31,-1,32,33,27,-1,27,33,34,-1,27,34,35,-1,35,36,27,-1,27,36,37,-1,27,37,26,-1,26,37,38,-1,26,38,28,-1,28,38,39,-1,28,39,29,-1,40,41,42,-1,42,41,43,-1,44,32,45,-1,45,32,27,-1,45,27,46,-1,46,27,47,-1,46,47,48,-1,48,47,49,-1,48,49,50,-1,50,49,51,-1,50,51,43,-1,43,51,52,-1,43,52,42,-1,53,54,55,-1,55,54,56,-1,55,56,57,-1,57,56,58,-1,57,58,59,-1,59,58,60,-1,59,60,40,-1,40,60,61,-1,40,61,41,-1,62,63,64,-1,64,63,65,-1,64,65,66,-1,66,65,67,-1,66,67,68,-1,68,67,69,-1,68,69,70,-1,70,69,71,-1,70,71,72,-1,72,71,73,-1,72,73,31,-1,31,73,74,-1,31,74,30,-1,45,75,44,-1,44,75,76,-1,44,76,77,-1,77,76,78,-1,77,78,79,-1,79,78,80,-1,79,80,81,-1,81,80,82,-1,81,82,83,-1,83,82,84,-1,83,84,85,-1,85,84,86,-1,85,86,87,-1,87,86,88,-1,87,88,89,-1,89,88,90,-1,89,90,62,-1,62,90,91,-1,62,91,63,-1,59,92,93,-1,59,93,57,-1,57,93,94,-1,57,94,55,-1,55,94,95,-1,55,95,53,-1,54,53,96,-1,96,53,95,-1,54,96,97,-1,54,97,56,-1,56,97,98,-1,56,98,58,-1,58,98,99,-1,58,99,60,-1,60,99,100,-1,60,100,61,-1,61,100,101,-1,61,101,41,-1,41,101,102,-1,41,102,43,-1,43,102,103,-1,43,103,50,-1,50,103,104,-1,50,104,48,-1,48,104,105,-1,48,105,46,-1,46,105,106,-1,46,106,45,-1,75,45,107,-1,107,45,106,-1,75,107,108,-1,75,108,76,-1,76,108,109,-1,76,109,78,-1,78,109,110,-1,78,110,80,-1,80,110,111,-1,80,111,82,-1,82,111,112,-1,82,112,84,-1,84,112,113,-1,84,113,86,-1,86,113,114,-1,86,114,88,-1,88,114,115,-1,88,115,90,-1,90,115,116,-1,90,116,91,-1,91,116,117,-1,91,117,63,-1,63,117,118,-1,63,118,65,-1,65,118,119,-1,65,119,67,-1,67,119,120,-1,67,120,69,-1,69,120,121,-1,69,121,71,-1,71,121,122,-1,71,122,73,-1,73,122,123,-1,73,123,74,-1,74,123,124,-1,74,124,30,-1,30,124,125,-1,30,125,28,-1,26,28,126,-1,126,28,125,-1,24,26,127,-1,127,26,126,-1,25,24,128,-1,128,24,127,-1,27,25,129,-1,129,25,128,-1,27,129,130,-1,27,130,47,-1,47,130,131,-1,47,131,49,-1,49,131,132,-1,49,132,51,-1,51,132,133,-1,51,133,52,-1,52,133,134,-1,52,134,42,-1,42,134,135,-1,42,135,40,-1,40,135,92,-1,40,92,59,-1,77,136,137,-1,77,137,44,-1,44,137,138,-1,44,138,32,-1,32,138,139,-1,32,139,33,-1,85,140,141,-1,85,141,83,-1,83,141,142,-1,83,142,81,-1,81,142,143,-1,81,143,79,-1,79,143,136,-1,79,136,77,-1,64,144,145,-1,64,145,62,-1,62,145,146,-1,62,146,89,-1,89,146,147,-1,89,147,87,-1,87,147,140,-1,87,140,85,-1,70,148,149,-1,70,149,68,-1,68,149,150,-1,68,150,66,-1,66,150,144,-1,66,144,64,-1,39,151,152,-1,39,152,29,-1,29,152,153,-1,29,153,31,-1,31,153,154,-1,31,154,72,-1,72,154,148,-1,72,148,70,-1,35,155,156,-1,35,156,36,-1,36,156,157,-1,36,157,37,-1,37,157,158,-1,37,158,38,-1,38,158,151,-1,38,151,39,-1,35,34,155,-1,155,34,159,-1,34,33,159,-1,159,33,139,-1,
        ]
    }
}
Shape{
    appearance Appearance {
        material  Material 	{
            diffuseColor 1.0 1.0 1.0
            specularColor 0.30196078431372547 0.30196078431372547 0.30196078431372547
            ambientIntensity 1.0
            transparency 0.0
            shininess 0.5
        }
    }
    geometry IndexedFaceSet {
        ccw TRUE
        solid FALSE
        coord DEF co Coordinate {
            point [
                0.9021 1.299 0.5326, 0.9021 1.299 0.5336, 0.9367 1.299 0.5341, 0.902 1.299 0.5418, 0.9221 1.299 0.5392, 0.9315 1.299 0.5371, 0.935 1.299 0.5354, 0.9031 1.299 0.5259, 0.9385 1.299 0.5318, 0.9054 1.299 0.5205, 0.9378 1.299 0.5145, 0.9365 1.299 0.5132, 0.9105 1.299 0.5143, 0.9395 1.299 0.517, 0.9148 1.299 0.5114, 0.9194 1.299 0.5098, 0.925 1.299 0.5092, 0.9399 1.299 0.529, 0.9406 1.299 0.5256, 0.9087 1.299 0.5161, 0.9408 1.299 0.5232, 0.9404 1.299 0.5198, 0.9335 1.299 0.5111, 0.9301 1.299 0.5098
            ]
        }
        coordIndex [
            0,1,2,-1,1,3,4,-1,4,5,1,-1,1,5,6,-1,1,6,2,-1,0,2,7,-1,7,2,8,-1,7,8,9,-1,10,11,12,-1,10,12,13,-1,14,12,15,-1,15,12,16,-1,8,17,9,-1,9,17,18,-1,9,18,19,-1,19,18,20,-1,19,20,12,-1,12,20,21,-1,12,21,13,-1,11,22,12,-1,12,22,23,-1,12,23,16,-1,
        ]
    }
}
Shape{
    appearance Appearance {
        material  Material 	{
            diffuseColor 0.0 0.0 0.0
            specularColor 0.0 0.0 0.0
            ambientIntensity 0.0
            transparency 0.0
            shininess 0.5
        }
    }
    geometry IndexedFaceSet {
        ccw TRUE
        solid FALSE
        coord DEF co Coordinate {
            point [
                0.8668 1.299 0.517, 0.8668 1.2994 0.517, 0.8614 1.2994 0.5136, 0.8421 1.2994 0.5086, 0.8421 1.299 0.5086, 0.852 1.299 0.5099, 0.852 1.2994 0.5099, 0.8593 1.299 0.5128, 0.8614 1.299 0.5136, 0.8669 1.2994 0.5015, 0.8669 1.299 0.5015, 0.8593 1.299 0.4988, 0.8563 1.2994 0.4977, 0.8563 1.299 0.4977, 0.8436 1.2994 0.4963, 0.844 1.299 0.4963, 0.8436 1.299 0.4963, 0.8433 1.299 0.4963, 0.83 1.2994 0.4978, 0.83 1.299 0.4978, 0.8221 1.299 0.5008, 0.8221 1.2994 0.5008, 0.8186 1.299 0.5029, 0.8186 1.2994 0.5029, 0.8143 1.299 0.5067, 0.8143 1.2994 0.5067, 0.8114 1.299 0.5106, 0.8114 1.2994 0.5106, 0.8096 1.299 0.5154, 0.8096 1.2994 0.5154, 0.8088 1.299 0.5214, 0.8088 1.2994 0.5214, 0.8094 1.299 0.527, 0.8094 1.2994 0.527, 0.811 1.299 0.5315, 0.811 1.2994 0.5315, 0.8137 1.299 0.5356, 0.8137 1.2994 0.5356, 0.8173 1.299 0.5389, 0.8173 1.2994 0.5389, 0.8273 1.299 0.5445, 0.8273 1.2994 0.5445, 0.8331 1.299 0.5469, 0.8331 1.2994 0.5469, 0.8423 1.299 0.551, 0.8423 1.2994 0.551, 0.8476 1.299 0.5544, 0.8476 1.2994 0.5544, 0.8491 1.299 0.556, 0.8491 1.2994 0.556, 0.8502 1.299 0.558, 0.8502 1.2994 0.558, 0.8507 1.299 0.5604, 0.8507 1.2994 0.5604, 0.8509 1.299 0.5624, 0.8509 1.2994 0.5624, 0.8506 1.299 0.5648, 0.8506 1.2994 0.5648, 0.8498 1.299 0.5668, 0.8498 1.2994 0.5668, 0.8485 1.299 0.5687, 0.8485 1.2994 0.5687, 0.8462 1.299 0.5707, 0.8462 1.2994 0.5707, 0.8428 1.299 0.5725, 0.8428 1.2994 0.5725, 0.8388 1.299 0.5735, 0.8388 1.2994 0.5735, 0.8343 1.299 0.5738, 0.8343 1.2994 0.5738, 0.8239 1.299 0.5724, 0.8239 1.2994 0.5724, 0.8154 1.299 0.5691, 0.8154 1.2994 0.5691, 0.8126 1.299 0.5674, 0.8126 1.2994 0.5674, 0.8125 1.2994 0.5821, 0.8125 1.299 0.5821, 0.8222 1.299 0.585, 0.8222 1.2994 0.585, 0.8328 1.299 0.586, 0.8328 1.2994 0.586, 0.8448 1.299 0.5846, 0.8448 1.2994 0.5846, 0.8529 1.299 0.5816, 0.8529 1.2994 0.5816, 0.8566 1.299 0.5794, 0.8566 1.2994 0.5794, 0.8611 1.2994 0.5753, 0.8593 1.299 0.577, 0.8611 1.299 0.5753, 0.8639 1.299 0.5713, 0.8639 1.2994 0.5713, 0.8657 1.299 0.5665, 0.8657 1.2994 0.5665, 0.8664 1.299 0.5611, 0.8664 1.2994 0.5611, 0.8658 1.299 0.5553, 0.8658 1.2994 0.5553, 0.8641 1.299 0.5506, 0.8641 1.2994 0.5506, 0.8622 1.299 0.5475, 0.8622 1.2994 0.5475, 0.8438 1.299 0.536, 0.8438 1.2994 0.536, 0.8527 1.2994 0.5402, 0.8598 1.299 0.5449, 0.8598 1.2994 0.5449, 0.8593 1.299 0.5446, 0.8527 1.299 0.5402, 0.8339 1.299 0.5318, 0.8339 1.2994 0.5318, 0.8281 1.299 0.5282, 0.8281 1.2994 0.5282, 0.8262 1.299 0.5263, 0.8262 1.2994 0.5263, 0.8251 1.299 0.5243, 0.8251 1.2994 0.5243, 0.8244 1.299 0.5219, 0.8244 1.2994 0.5219, 0.8243 1.299 0.5201, 0.8243 1.2994 0.5201, 0.8246 1.299 0.5172, 0.8246 1.2994 0.5172, 0.8254 1.299 0.5151, 0.8254 1.2994 0.5151, 0.8267 1.299 0.5131, 0.8267 1.2994 0.5131, 0.8284 1.299 0.5116, 0.8284 1.2994 0.5116, 0.8298 1.299 0.5108, 0.8298 1.2994 0.5108, 0.8337 1.299 0.5094, 0.8337 1.2994 0.5094, 0.8414 1.299 0.5086, 0.8414 1.2994 0.5086, 0.7338 1.2994 0.5833, 0.7182 1.2994 0.5832, 0.7338 1.299 0.5833, 0.7182 1.299 0.5832, 0.7577 1.2994 0.5189, 0.7577 1.299 0.5189, 0.7589 1.299 0.5149, 0.7589 1.2994 0.5149, 0.7596 1.299 0.512, 0.7596 1.2994 0.512, 0.76 1.2994 0.512, 0.76 1.299 0.512, 0.7618 1.2994 0.5191, 0.7618 1.299 0.5191, 0.7837 1.299 0.5837, 0.7837 1.2994 0.5837, 0.7757 1.299 0.56, 0.8005 1.2994 0.5838, 0.8005 1.299 0.5838, 0.7675 1.299 0.498, 0.7675 1.2994 0.498, 0.7757 1.299 0.5192, 0.7742 1.299 0.4824, 0.7742 1.2994 0.4824, 0.7682 1.299 0.4963, 0.7757 1.299 0.4798, 0.7773 1.2994 0.4769, 0.7773 1.299 0.4769, 0.7778 1.299 0.4764, 0.7801 1.2994 0.4738, 0.7801 1.299 0.4738, 0.7824 1.299 0.4722, 0.7824 1.2994 0.4722, 0.7857 1.299 0.4709, 0.7857 1.2994 0.4709, 0.7897 1.299 0.4704, 0.7897 1.2994 0.4704, 0.7952 1.299 0.4712, 0.7952 1.2994 0.4712, 0.7982 1.299 0.4722, 0.7982 1.2994 0.4722, 0.7983 1.2994 0.4588, 0.7983 1.299 0.4588, 0.7919 1.299 0.4577, 0.7919 1.2994 0.4577, 0.7886 1.299 0.4575, 0.7886 1.2994 0.4575, 0.7819 1.299 0.4583, 0.7819 1.2994 0.4583, 0.7761 1.299 0.4607, 0.7761 1.2994 0.4607, 0.7757 1.299 0.461, 0.7711 1.2994 0.4643, 0.7578 1.299 0.4848, 0.7578 1.2994 0.4848, 0.7622 1.299 0.4764, 0.7648 1.2994 0.4714, 0.7648 1.299 0.4714, 0.7711 1.299 0.4643, 0.7532 1.299 0.4963, 0.6379 1.2994 0.5106, 0.638 1.2994 0.4969, 0.6379 1.299 0.5106, 0.638 1.299 0.4969, 0.687 1.299 0.5109, 0.687 1.2994 0.5109, 0.663 1.299 0.5107, 0.6867 1.2994 0.5513, 0.6867 1.299 0.5513, 0.6438 1.299 0.551, 0.6438 1.2994 0.551, 0.663 1.299 0.5511, 0.6437 1.2994 0.5648, 0.6437 1.299 0.5648, 0.6866 1.299 0.5651, 0.6866 1.2994 0.5651, 0.663 1.299 0.5649, 0.6863 1.2994 0.6035, 0.6863 1.299 0.6035, 0.64 1.299 0.6032, 0.64 1.2994 0.6032, 0.663 1.299 0.6033, 0.6399 1.2994 0.617, 0.6399 1.299 0.617, 0.7017 1.299 0.6174, 0.7017 1.2994 0.6174, 0.663 1.299 0.6172, 0.7026 1.2994 0.4973, 0.7026 1.299 0.4973, 0.663 1.299 0.4971, 0.5355 1.2994 0.513, 0.5478 1.2994 0.5212, 0.548 1.2994 0.5041, 0.5556 1.2994 0.5159, 0.5618 1.2994 0.4988, 0.5655 1.2994 0.5121, 0.5823 1.2994 0.4965, 0.5823 1.2994 0.5102, 0.6153 1.2994 0.4967, 0.5997 1.2994 0.5103, 0.6145 1.2994 0.6168, 0.5991 1.2994 0.6029, 0.5802 1.2994 0.6166, 0.5809 1.2994 0.6028, 0.5619 1.2994 0.6144, 0.5655 1.2994 0.6009, 0.5474 1.2994 0.609, 0.5551 1.2994 0.5971, 0.5349 1.2994 0.6003, 0.5463 1.2994 0.5912, 0.5308 1.2994 0.5962, 0.5431 1.2994 0.588, 0.5234 1.2994 0.5857, 0.5384 1.2994 0.5812, 0.519 1.2994 0.5743, 0.5351 1.2994 0.5725, 0.5171 1.2994 0.5576, 0.5334 1.2994 0.5573, 0.5175 1.2994 0.55, 0.5341 1.2994 0.5479, 0.5205 1.2994 0.5359, 0.5367 1.2994 0.5373, 0.5265 1.2994 0.5236, 0.5412 1.2994 0.5287, 0.5465 1.2994 0.5224, 0.5823 1.299 0.4965, 0.6153 1.299 0.4967, 0.5618 1.299 0.4988, 0.548 1.299 0.5041, 0.5355 1.299 0.513, 0.5265 1.299 0.5236, 0.5205 1.299 0.5359, 0.5175 1.299 0.55, 0.5171 1.299 0.5576, 0.519 1.299 0.5743, 0.5234 1.299 0.5857, 0.5308 1.299 0.5962, 0.5349 1.299 0.6003, 0.5474 1.299 0.609, 0.5619 1.299 0.6144, 0.5802 1.299 0.6166, 0.6145 1.299 0.6168, 0.5809 1.299 0.6028, 0.5991 1.299 0.6029, 0.5997 1.299 0.5103, 0.5823 1.299 0.5102, 0.5465 1.299 0.5224, 0.5478 1.299 0.5212, 0.5556 1.299 0.5159, 0.5655 1.299 0.5121, 0.5334 1.299 0.5573, 0.5341 1.299 0.5479, 0.5367 1.299 0.5373, 0.5412 1.299 0.5287, 0.5463 1.299 0.5912, 0.5431 1.299 0.588, 0.5384 1.299 0.5812, 0.5351 1.299 0.5725, 0.5655 1.299 0.6009, 0.5551 1.299 0.5971
            ]
        }
        coordIndex [
            0,1,2,-1,3,4,5,-1,3,5,6,-1,6,5,7,-1,6,7,2,-1,2,7,8,-1,2,8,0,-1,9,1,10,-1,10,1,0,-1,9,10,11,-1,9,11,12,-1,12,11,13,-1,12,13,14,-1,14,13,15,-1,14,15,16,-1,14,16,17,-1,14,17,18,-1,17,19,18,-1,18,19,20,-1,18,20,21,-1,21,20,22,-1,21,22,23,-1,23,22,24,-1,23,24,25,-1,25,24,26,-1,25,26,27,-1,27,26,28,-1,27,28,29,-1,29,28,30,-1,29,30,31,-1,31,30,32,-1,31,32,33,-1,33,32,34,-1,33,34,35,-1,35,34,36,-1,35,36,37,-1,37,36,38,-1,37,38,39,-1,39,38,40,-1,39,40,41,-1,41,40,42,-1,41,42,43,-1,43,42,44,-1,43,44,45,-1,45,44,46,-1,45,46,47,-1,47,46,48,-1,47,48,49,-1,49,48,50,-1,49,50,51,-1,51,50,52,-1,51,52,53,-1,53,52,54,-1,53,54,55,-1,55,54,56,-1,55,56,57,-1,57,56,58,-1,57,58,59,-1,59,58,60,-1,59,60,61,-1,61,60,62,-1,61,62,63,-1,63,62,64,-1,63,64,65,-1,65,64,66,-1,65,66,67,-1,67,66,68,-1,67,68,69,-1,69,68,70,-1,69,70,71,-1,71,70,72,-1,71,72,73,-1,73,72,74,-1,73,74,75,-1,76,75,77,-1,77,75,74,-1,76,77,78,-1,76,78,79,-1,79,78,80,-1,79,80,81,-1,81,80,82,-1,81,82,83,-1,83,82,84,-1,83,84,85,-1,85,84,86,-1,85,86,87,-1,88,87,89,-1,89,87,86,-1,89,90,88,-1,88,90,91,-1,88,91,92,-1,92,91,93,-1,92,93,94,-1,94,93,95,-1,94,95,96,-1,96,95,97,-1,96,97,98,-1,98,97,99,-1,98,99,100,-1,100,99,101,-1,100,101,102,-1,103,104,105,-1,102,101,106,-1,102,106,107,-1,107,106,108,-1,107,108,105,-1,105,108,109,-1,105,109,103,-1,104,103,110,-1,104,110,111,-1,111,110,112,-1,111,112,113,-1,113,112,114,-1,113,114,115,-1,115,114,116,-1,115,116,117,-1,117,116,118,-1,117,118,119,-1,119,118,120,-1,119,120,121,-1,121,120,122,-1,121,122,123,-1,123,122,124,-1,123,124,125,-1,125,124,126,-1,125,126,127,-1,127,126,128,-1,127,128,129,-1,129,128,130,-1,129,130,131,-1,131,130,132,-1,131,132,133,-1,133,132,134,-1,133,134,135,-1,135,134,4,-1,135,4,3,-1,59,61,87,-1,87,61,85,-1,85,61,63,-1,85,63,83,-1,111,43,104,-1,104,43,45,-1,21,23,127,-1,127,23,25,-1,127,25,125,-1,125,25,27,-1,125,27,123,-1,123,27,29,-1,123,29,121,-1,121,29,31,-1,121,31,119,-1,119,31,33,-1,119,33,117,-1,117,33,35,-1,117,35,115,-1,115,35,37,-1,115,37,113,-1,113,37,39,-1,113,39,111,-1,111,39,41,-1,111,41,43,-1,14,3,12,-1,12,3,6,-1,12,6,9,-1,9,6,2,-1,9,2,1,-1,63,65,83,-1,83,65,67,-1,83,67,81,-1,81,67,69,-1,81,69,79,-1,79,69,71,-1,79,71,76,-1,76,71,73,-1,76,73,75,-1,127,129,21,-1,21,129,131,-1,21,131,18,-1,18,131,133,-1,18,133,14,-1,14,133,135,-1,14,135,3,-1,87,88,59,-1,59,88,92,-1,59,92,57,-1,57,92,94,-1,57,94,55,-1,55,94,96,-1,55,96,53,-1,53,96,98,-1,53,98,51,-1,51,98,100,-1,51,100,49,-1,49,100,102,-1,49,102,47,-1,47,102,107,-1,47,107,45,-1,45,107,105,-1,45,105,104,-1,136,137,138,-1,138,137,139,-1,140,136,141,-1,141,136,138,-1,140,141,142,-1,140,142,143,-1,143,142,144,-1,143,144,145,-1,146,145,147,-1,147,145,144,-1,148,146,149,-1,149,146,147,-1,150,151,152,-1,152,151,148,-1,152,148,149,-1,153,151,154,-1,154,151,150,-1,155,156,157,-1,157,156,153,-1,157,153,154,-1,158,159,160,-1,160,159,156,-1,160,156,155,-1,159,158,161,-1,159,161,162,-1,161,163,162,-1,162,163,164,-1,162,164,165,-1,164,166,165,-1,165,166,167,-1,165,167,168,-1,168,167,169,-1,168,169,170,-1,170,169,171,-1,170,171,172,-1,172,171,173,-1,172,173,174,-1,174,173,175,-1,174,175,176,-1,177,176,178,-1,178,176,175,-1,177,178,179,-1,177,179,180,-1,180,179,181,-1,180,181,182,-1,182,181,183,-1,182,183,184,-1,184,183,185,-1,184,185,186,-1,186,185,187,-1,186,187,188,-1,189,190,191,-1,191,190,192,-1,191,192,193,-1,193,192,188,-1,193,188,194,-1,194,188,187,-1,139,137,195,-1,195,137,190,-1,195,190,189,-1,143,145,190,-1,137,136,190,-1,190,136,140,-1,190,140,143,-1,151,153,148,-1,148,153,156,-1,148,156,146,-1,145,146,190,-1,190,146,156,-1,190,156,192,-1,176,177,174,-1,174,177,180,-1,174,180,172,-1,172,180,182,-1,172,182,170,-1,170,182,184,-1,170,184,168,-1,168,184,186,-1,168,186,165,-1,165,186,188,-1,165,188,162,-1,162,188,192,-1,162,192,159,-1,159,192,156,-1,196,197,198,-1,198,197,199,-1,200,201,202,-1,202,201,196,-1,202,196,198,-1,203,201,204,-1,204,201,200,-1,205,206,207,-1,207,206,203,-1,207,203,204,-1,208,206,209,-1,209,206,205,-1,210,211,212,-1,212,211,208,-1,212,208,209,-1,213,211,214,-1,214,211,210,-1,215,216,217,-1,217,216,213,-1,217,213,214,-1,218,216,219,-1,219,216,215,-1,220,221,222,-1,222,221,218,-1,222,218,219,-1,223,221,224,-1,224,221,220,-1,199,197,225,-1,225,197,223,-1,225,223,224,-1,223,197,196,-1,196,201,223,-1,223,201,203,-1,223,203,221,-1,216,218,213,-1,213,218,221,-1,213,221,211,-1,211,221,203,-1,211,203,208,-1,208,203,206,-1,226,227,228,-1,228,227,229,-1,228,229,230,-1,230,229,231,-1,230,231,232,-1,232,231,233,-1,232,233,234,-1,234,233,235,-1,234,235,236,-1,236,235,237,-1,236,237,238,-1,238,237,239,-1,238,239,240,-1,240,239,241,-1,240,241,242,-1,242,241,243,-1,242,243,244,-1,244,243,245,-1,244,245,246,-1,246,245,247,-1,246,247,248,-1,248,247,249,-1,248,249,250,-1,250,249,251,-1,250,251,252,-1,252,251,253,-1,252,253,254,-1,254,253,255,-1,254,255,256,-1,256,255,257,-1,256,257,258,-1,258,257,259,-1,258,259,226,-1,226,259,260,-1,226,260,227,-1,232,234,261,-1,261,234,262,-1,232,261,263,-1,232,263,230,-1,230,263,264,-1,230,264,228,-1,228,264,265,-1,228,265,226,-1,226,265,266,-1,226,266,258,-1,258,266,267,-1,258,267,256,-1,256,267,268,-1,256,268,254,-1,254,268,269,-1,254,269,252,-1,252,269,270,-1,252,270,250,-1,250,270,271,-1,250,271,248,-1,248,271,272,-1,248,272,246,-1,246,272,273,-1,246,273,244,-1,244,273,274,-1,244,274,242,-1,242,274,275,-1,242,275,240,-1,240,275,276,-1,240,276,238,-1,236,238,277,-1,277,238,276,-1,234,236,262,-1,262,236,277,-1,239,237,278,-1,278,237,279,-1,237,235,279,-1,279,235,280,-1,235,233,280,-1,280,233,281,-1,260,282,283,-1,260,283,227,-1,227,283,284,-1,227,284,229,-1,229,284,285,-1,229,285,231,-1,231,285,281,-1,231,281,233,-1,253,286,287,-1,253,287,255,-1,255,287,288,-1,255,288,257,-1,257,288,289,-1,257,289,259,-1,259,289,282,-1,259,282,260,-1,245,290,291,-1,245,291,247,-1,247,291,292,-1,247,292,249,-1,249,292,293,-1,249,293,251,-1,251,293,286,-1,251,286,253,-1,239,278,294,-1,239,294,241,-1,241,294,295,-1,241,295,243,-1,243,295,290,-1,243,290,245,-1,
        ]
    }
}
Shape{
    appearance Appearance {
        material  Material 	{
            diffuseColor 1.0 1.0 1.0
            specularColor 0.30196078431372547 0.30196078431372547 0.30196078431372547
            ambientIntensity 1.0
            transparency 0.0
            shininess 0.5
        }
    }
    geometry IndexedFaceSet {
        ccw TRUE
        solid FALSE
        coord DEF co Coordinate {
            point [
                0.5478 1.299 0.5212, 0.5465 1.299 0.5224, 0.5809 1.299 0.6028, 0.5991 1.299 0.6029, 0.5997 1.299 0.5103, 0.5823 1.299 0.5102, 0.5655 1.299 0.5121, 0.5556 1.299 0.5159, 0.5412 1.299 0.5287, 0.5367 1.299 0.5373, 0.5341 1.299 0.5479, 0.5334 1.299 0.5573, 0.5351 1.299 0.5725, 0.5384 1.299 0.5812, 0.5431 1.299 0.588, 0.5463 1.299 0.5912, 0.5655 1.299 0.6009, 0.5551 1.299 0.5971
            ]
        }
        coordIndex [
            0,1,2,-1,3,4,2,-1,2,4,5,-1,5,6,2,-1,2,6,7,-1,2,7,0,-1,1,8,2,-1,2,8,9,-1,2,9,10,-1,10,11,2,-1,2,11,12,-1,2,12,13,-1,13,14,2,-1,2,14,15,-1,2,15,16,-1,16,15,17,-1,
        ]
    }
}
Shape{
    appearance Appearance {
        material  Material 	{
            diffuseColor 0.0 0.0 0.0
            specularColor 0.0 0.0 0.0
            ambientIntensity 0.0
            transparency 0.0
            shininess 0.5
        }
    }
    geometry IndexedFaceSet {
        ccw TRUE
        solid FALSE
        coord DEF co Coordinate {
            point [
                0.477 1.2994 0.5422, 0.4586 1.2994 0.5919, 0.4643 1.2994 0.6157, 0.5109 1.2994 0.496, 0.4937 1.2994 0.4959, 0.482 1.2994 0.5286, 0.4576 1.2994 0.5955, 0.4566 1.2994 0.6003, 0.4477 1.2994 0.6156, 0.4562 1.2994 0.6003, 0.4553 1.2994 0.5953, 0.4544 1.2994 0.5919, 0.4366 1.2994 0.5419, 0.4028 1.2994 0.4952, 0.4199 1.2994 0.4953, 0.4319 1.2994 0.5283, 0.4477 1.299 0.6156, 0.4032 1.299 0.4963, 0.4028 1.299 0.4952, 0.4643 1.299 0.6157, 0.5107 1.299 0.4963, 0.5109 1.299 0.496, 0.4937 1.299 0.4959, 0.482 1.299 0.5286, 0.4936 1.299 0.4963, 0.4319 1.299 0.5283, 0.4203 1.299 0.4963, 0.4199 1.299 0.4953, 0.477 1.299 0.5422, 0.4366 1.299 0.5419, 0.4544 1.299 0.5919, 0.4562 1.299 0.6003, 0.4553 1.299 0.5953, 0.4566 1.299 0.6003, 0.4586 1.299 0.5919, 0.4576 1.299 0.5955
            ]
        }
        coordIndex [
            0,1,2,-1,3,4,5,-1,1,6,2,-1,2,6,7,-1,2,7,8,-1,8,7,9,-1,8,9,10,-1,10,11,8,-1,8,11,12,-1,8,12,13,-1,14,13,15,-1,15,13,12,-1,15,12,5,-1,5,12,0,-1,5,0,3,-1,3,0,2,-1,16,8,17,-1,17,8,13,-1,17,13,18,-1,2,8,19,-1,19,8,16,-1,2,19,3,-1,3,19,20,-1,3,20,21,-1,4,3,22,-1,22,3,21,-1,23,5,24,-1,24,5,4,-1,24,4,22,-1,15,5,25,-1,25,5,23,-1,15,25,14,-1,14,25,26,-1,14,26,27,-1,13,14,18,-1,18,14,27,-1,0,12,28,-1,28,12,29,-1,12,11,29,-1,29,11,30,-1,9,31,32,-1,9,32,10,-1,10,32,30,-1,10,30,11,-1,9,7,31,-1,31,7,33,-1,1,34,35,-1,1,35,6,-1,6,35,33,-1,6,33,7,-1,1,0,34,-1,34,0,28,-1,
        ]
    }
}
Shape{
    appearance Appearance {
        material  Material 	{
            diffuseColor 1.0 1.0 1.0
            specularColor 0.30196078431372547 0.30196078431372547 0.30196078431372547
            ambientIntensity 1.0
            transparency 0.0
            shininess 0.5
        }
    }
    geometry IndexedFaceSet {
        ccw TRUE
        solid FALSE
        coord DEF co Coordinate {
            point [
                0.4562 1.299 0.6003, 0.4566 1.299 0.6003, 0.4553 1.299 0.5953, 0.4576 1.299 0.5955, 0.4544 1.299 0.5919, 0.4586 1.299 0.5919, 0.4366 1.299 0.5419, 0.477 1.299 0.5422
            ]
        }
        coordIndex [
            0,1,2,-1,2,1,3,-1,2,3,4,-1,4,3,5,-1,4,5,6,-1,6,5,7,-1,
        ]
    }
}
Shape{
    appearance Appearance {
        material  Material 	{
            diffuseColor 0.0 0.0 0.0
            specularColor 0.0 0.0 0.0
            ambientIntensity 0.0
            transparency 0.0
            shininess 0.5
        }
    }
    geometry IndexedFaceSet {
        ccw TRUE
        solid FALSE
        coord DEF co Coordinate {
            point [
                1.5658 1.2994 0.4865, 1.5532 1.2994 0.4707, 1.5729 1.2994 0.562, 1.4625 1.2994 0.5423, 1.4606 1.2994 0.5343, 1.2874 1.2994 0.6018, 1.4935 1.2994 0.564, 1.4862 1.2994 0.5632, 1.4284 1.2994 0.5883, 1.4783 1.2994 0.5602, 1.4715 1.2994 0.5555, 1.4661 1.2994 0.5493, 1.3136 1.2994 0.6473, 1.4606 1.2994 0.5268, 1.4075 1.2994 0.5309, 1.4074 1.2994 0.5395, 1.4365 1.2994 0.779, 1.4598 1.2994 0.8251, 1.4806 1.2994 0.8124, 1.5914 1.2994 0.5736, 1.588 1.2994 0.5092, 1.5742 1.2994 0.5048, 1.2586 1.2994 0.6862, 1.2518 1.2994 0.6861, 1.2165 1.2994 0.732, 1.2356 1.2994 0.684, 1.2122 1.2994 0.7305, 1.2207 1.2994 0.6782, 1.1869 1.2994 0.7177, 1.1639 1.2994 0.6979, 1.4605 1.2994 0.7617, 1.5008 1.2994 0.7954, 1.4796 1.2994 0.7389, 1.5185 1.2994 0.7751, 1.4924 1.2994 0.7126, 1.5675 1.2994 0.7205, 1.5464 1.2994 0.7253, 1.5381 1.2994 0.777, 1.5376 1.2994 0.7257, 1.5283 1.2994 0.7764, 1.5177 1.2994 0.7231, 1.4986 1.2994 0.716, 1.5008 1.2994 0.5632, 1.5126 1.2994 0.6154, 1.5084 1.2994 0.5606, 1.5315 1.2994 0.6084, 1.5152 1.2994 0.5561, 1.5491 1.2994 0.5964, 1.5208 1.2994 0.55, 1.5633 1.2994 0.5803, 1.5248 1.2994 0.5426, 1.5268 1.2994 0.5344, 1.1649 1.2994 0.5386, 1.2045 1.2994 0.5727, 1.1885 1.2994 0.519, 1.2172 1.2994 0.5625, 1.2147 1.2994 0.5065, 1.2323 1.2994 0.5557, 1.2429 1.2994 0.5007, 1.2476 1.2994 0.5529, 1.2933 1.2994 0.5011, 1.286 1.2994 0.5531, 1.298 1.2994 0.5019, 1.6066 1.2994 0.5894, 1.6422 1.2994 0.5463, 1.6183 1.2994 0.5251, 1.6209 1.2994 0.6616, 1.677 1.2994 0.6486, 1.6236 1.2994 0.6409, 1.6774 1.2994 0.6396, 1.6227 1.2994 0.6279, 1.6741 1.2994 0.6087, 1.6167 1.2994 0.6069, 1.6628 1.2994 0.5767, 1.6447 1.2994 0.5492, 1.5152 1.2994 0.5053, 1.5082 1.2994 0.5008, 1.5366 1.2994 0.458, 1.5002 1.2994 0.4981, 1.4613 1.2994 0.6118, 1.4818 1.2994 0.6171, 1.4922 1.2994 0.6178, 1.2076 1.2994 0.6688, 1.1977 1.2994 0.6577, 1.1467 1.2994 0.6735, 1.1899 1.2994 0.6429, 1.1364 1.2994 0.6474, 1.186 1.2994 0.6264, 1.1327 1.2994 0.6195, 1.1857 1.2994 0.619, 1.1369 1.2994 0.5887, 1.1878 1.2994 0.6024, 1.1479 1.2994 0.5618, 1.1938 1.2994 0.5873, 1.2033 1.2994 0.574, 1.2621 1.2994 0.7998, 1.2946 1.2994 0.7596, 1.2345 1.2994 0.7675, 1.2758 1.2994 0.7362, 1.2632 1.2994 0.7084, 1.5691 1.2994 0.7737, 1.601 1.2994 0.7623, 1.5866 1.2994 0.7106, 1.6297 1.2994 0.743, 1.6015 1.2994 0.6975, 1.6366 1.2994 0.7367, 1.6135 1.2994 0.6805, 1.656 1.2994 0.7126, 1.6703 1.2994 0.6823, 1.5208 1.2994 0.5113, 1.5246 1.2994 0.5183, 1.5267 1.2994 0.5261, 1.4204 1.2994 0.84, 1.4085 1.2994 0.79, 1.3779 1.2994 0.845, 1.3774 1.2994 0.7938, 1.3427 1.2994 0.841, 1.349 1.2994 0.7901, 1.3 1.2994 0.8256, 1.3223 1.2994 0.7798, 1.2983 1.2994 0.7631, 1.4432 1.2994 0.602, 1.2903 1.2994 0.554, 1.3112 1.2994 0.5102, 1.3092 1.2994 0.5081, 1.2878 1.2994 0.5534, 1.3037 1.2994 0.5042, 1.5169 1.2994 0.4495, 1.4968 1.2994 0.4463, 1.494 1.2994 0.4974, 1.4935 1.2994 0.4462, 1.4865 1.2994 0.4982, 1.4728 1.2994 0.4486, 1.479 1.2994 0.5008, 1.4537 1.2994 0.4557, 1.4723 1.2994 0.5052, 1.4366 1.2994 0.4674, 1.4667 1.2994 0.5113, 1.4233 1.2994 0.4821, 1.4627 1.2994 0.5186, 1.4131 1.2994 0.5011, 1.408 1.2994 0.5222, 1.3178 1.2994 0.5278, 1.3171 1.2994 0.5214, 1.3149 1.2994 0.5156, 1.2976 1.2994 0.5533, 1.3035 1.2994 0.551, 1.3176 1.2994 0.5306, 1.3088 1.2994 0.5474, 1.3128 1.2994 0.543, 1.316 1.2994 0.5371, 1.2912 1.2994 0.554, 1.1327 1.299 0.6195, 1.1364 1.299 0.6474, 1.1566 1.299 0.6876, 1.1387 1.299 0.6533, 1.1467 1.299 0.6735, 1.1639 1.299 0.6979, 1.1869 1.299 0.7177, 1.2122 1.299 0.7305, 1.2165 1.299 0.732, 1.2345 1.299 0.7675, 1.2621 1.299 0.7998, 1.2766 1.299 0.8097, 1.3 1.299 0.8256, 1.3427 1.299 0.841, 1.3779 1.299 0.845, 1.4204 1.299 0.84, 1.4598 1.299 0.8251, 1.4806 1.299 0.8124, 1.5185 1.299 0.7751, 1.4839 1.299 0.8097, 1.5008 1.299 0.7954, 1.5283 1.299 0.7764, 1.5381 1.299 0.777, 1.5691 1.299 0.7737, 1.601 1.299 0.7623, 1.6297 1.299 0.743, 1.6366 1.299 0.7367, 1.6774 1.299 0.6396, 1.656 1.299 0.7126, 1.6678 1.299 0.6876, 1.6703 1.299 0.6823, 1.6761 1.299 0.6533, 1.677 1.299 0.6486, 1.6741 1.299 0.6087, 1.6628 1.299 0.5767, 1.6447 1.299 0.5492, 1.6422 1.299 0.5463, 1.6183 1.299 0.5251, 1.588 1.299 0.5092, 1.5742 1.299 0.5048, 1.5703 1.299 0.4963, 1.5577 1.299 0.4764, 1.5658 1.299 0.4865, 1.5532 1.299 0.4707, 1.5366 1.299 0.458, 1.5169 1.299 0.4495, 1.4968 1.299 0.4463, 1.4935 1.299 0.4462, 1.4728 1.299 0.4486, 1.4157 1.299 0.4963, 1.4537 1.299 0.4557, 1.4366 1.299 0.4674, 1.4285 1.299 0.4764, 1.4233 1.299 0.4821, 1.4131 1.299 0.5011, 1.408 1.299 0.5222, 1.4075 1.299 0.5309, 1.4074 1.299 0.5395, 1.2874 1.299 0.6018, 1.3136 1.299 0.6473, 1.4284 1.299 0.5883, 1.4432 1.299 0.602, 1.4613 1.299 0.6118, 1.4818 1.299 0.6171, 1.4922 1.299 0.6178, 1.5126 1.299 0.6154, 1.5315 1.299 0.6084, 1.5491 1.299 0.5964, 1.5633 1.299 0.5803, 1.5729 1.299 0.562, 1.5914 1.299 0.5736, 1.6066 1.299 0.5894, 1.6167 1.299 0.6069, 1.6227 1.299 0.6279, 1.6236 1.299 0.6409, 1.622 1.299 0.6533, 1.6209 1.299 0.6616, 1.6135 1.299 0.6805, 1.6085 1.299 0.6876, 1.6015 1.299 0.6975, 1.5866 1.299 0.7106, 1.5675 1.299 0.7205, 1.5464 1.299 0.7253, 1.5376 1.299 0.7257, 1.5177 1.299 0.7231, 1.4986 1.299 0.716, 1.4924 1.299 0.7126, 1.4796 1.299 0.7389, 1.4605 1.299 0.7617, 1.4365 1.299 0.779, 1.4085 1.299 0.79, 1.3774 1.299 0.7938, 1.2586 1.299 0.6862, 1.2589 1.299 0.6876, 1.2632 1.299 0.7084, 1.2758 1.299 0.7362, 1.2946 1.299 0.7596, 1.2983 1.299 0.7631, 1.3223 1.299 0.7798, 1.349 1.299 0.7901, 1.2518 1.299 0.6861, 1.2356 1.299 0.684, 1.2207 1.299 0.6782, 1.2076 1.299 0.6688, 1.1977 1.299 0.6577, 1.1954 1.299 0.6533, 1.1899 1.299 0.6429, 1.186 1.299 0.6264, 1.1857 1.299 0.619, 1.1878 1.299 0.6024, 1.1938 1.299 0.5873, 1.2033 1.299 0.574, 1.2045 1.299 0.5727, 1.2172 1.299 0.5625, 1.2323 1.299 0.5557, 1.2476 1.299 0.5529, 1.286 1.299 0.5531, 1.2878 1.299 0.5534, 1.2903 1.299 0.554, 1.2912 1.299 0.554, 1.2976 1.299 0.5533, 1.3035 1.299 0.551, 1.3088 1.299 0.5474, 1.3128 1.299 0.543, 1.316 1.299 0.5371, 1.3176 1.299 0.5306, 1.3178 1.299 0.5278, 1.3171 1.299 0.5214, 1.3149 1.299 0.5156, 1.3112 1.299 0.5102, 1.3092 1.299 0.5081, 1.3037 1.299 0.5042, 1.298 1.299 0.5019, 1.2933 1.299 0.5011, 1.2429 1.299 0.5007, 1.2147 1.299 0.5065, 1.1885 1.299 0.519, 1.1649 1.299 0.5386, 1.1479 1.299 0.5618, 1.1369 1.299 0.5887, 1.4935 1.299 0.564, 1.4862 1.299 0.5632, 1.4783 1.299 0.5602, 1.4715 1.299 0.5555, 1.4661 1.299 0.5493, 1.4625 1.299 0.5423, 1.4606 1.299 0.5343, 1.4606 1.299 0.5268, 1.4627 1.299 0.5186, 1.4667 1.299 0.5113, 1.4723 1.299 0.5052, 1.479 1.299 0.5008, 1.4865 1.299 0.4982, 1.494 1.299 0.4974, 1.5002 1.299 0.4981, 1.5082 1.299 0.5008, 1.5152 1.299 0.5053, 1.5208 1.299 0.5113, 1.5246 1.299 0.5183, 1.5267 1.299 0.5261, 1.5268 1.299 0.5344, 1.5248 1.299 0.5426, 1.5208 1.299 0.55, 1.5152 1.299 0.5561, 1.5084 1.299 0.5606, 1.5008 1.299 0.5632
            ]
        }
        coordIndex [
            0,1,2,-1,3,4,5,-1,6,7,8,-1,7,9,8,-1,8,9,10,-1,8,10,11,-1,3,5,11,-1,11,5,12,-1,11,12,8,-1,13,14,4,-1,4,14,15,-1,4,15,5,-1,16,17,18,-1,19,20,2,-1,2,20,21,-1,2,21,0,-1,22,23,24,-1,24,23,25,-1,24,25,26,-1,26,25,27,-1,26,27,28,-1,28,27,29,-1,16,18,30,-1,30,18,31,-1,30,31,32,-1,32,31,33,-1,32,33,34,-1,35,36,37,-1,37,36,38,-1,37,38,39,-1,39,38,40,-1,39,40,33,-1,33,40,41,-1,33,41,34,-1,42,43,44,-1,44,43,45,-1,44,45,46,-1,46,45,47,-1,46,47,48,-1,48,47,49,-1,48,49,50,-1,50,49,2,-1,50,2,51,-1,52,53,54,-1,54,53,55,-1,54,55,56,-1,56,55,57,-1,56,57,58,-1,58,57,59,-1,58,59,60,-1,60,59,61,-1,60,61,62,-1,63,64,19,-1,19,64,65,-1,19,65,20,-1,66,67,68,-1,68,67,69,-1,68,69,70,-1,70,69,71,-1,70,71,72,-1,72,71,73,-1,72,73,63,-1,63,73,74,-1,63,74,64,-1,75,1,76,-1,76,1,77,-1,76,77,78,-1,79,80,42,-1,42,80,81,-1,42,81,43,-1,27,82,29,-1,29,82,83,-1,29,83,84,-1,84,83,85,-1,84,85,86,-1,86,85,87,-1,86,87,88,-1,88,87,89,-1,88,89,90,-1,90,89,91,-1,90,91,92,-1,92,91,93,-1,92,93,52,-1,52,93,94,-1,52,94,53,-1,95,96,97,-1,97,96,98,-1,97,98,24,-1,24,98,99,-1,24,99,22,-1,37,100,35,-1,35,100,101,-1,35,101,102,-1,102,101,103,-1,102,103,104,-1,104,103,105,-1,104,105,106,-1,106,105,107,-1,106,107,66,-1,66,107,108,-1,66,108,67,-1,75,109,1,-1,1,109,110,-1,1,110,2,-1,2,110,111,-1,2,111,51,-1,17,16,112,-1,112,16,113,-1,112,113,114,-1,114,113,115,-1,114,115,116,-1,116,115,117,-1,116,117,118,-1,118,117,119,-1,118,119,95,-1,95,119,120,-1,95,120,96,-1,6,8,42,-1,42,8,121,-1,42,121,79,-1,122,123,124,-1,61,125,62,-1,62,125,122,-1,62,122,126,-1,126,122,124,-1,77,127,78,-1,78,127,128,-1,78,128,129,-1,129,128,130,-1,129,130,131,-1,131,130,132,-1,131,132,133,-1,133,132,134,-1,133,134,135,-1,135,134,136,-1,135,136,137,-1,137,136,138,-1,137,138,139,-1,139,138,140,-1,139,140,13,-1,13,140,141,-1,13,141,14,-1,142,143,122,-1,122,143,144,-1,122,144,123,-1,145,146,147,-1,146,148,147,-1,147,148,149,-1,147,149,150,-1,142,122,147,-1,147,122,151,-1,147,151,145,-1,88,152,153,-1,154,29,84,-1,88,153,86,-1,86,153,155,-1,86,155,84,-1,84,155,156,-1,84,156,154,-1,154,157,29,-1,29,157,158,-1,29,158,28,-1,28,158,159,-1,28,159,26,-1,26,159,160,-1,26,160,24,-1,24,160,161,-1,24,161,97,-1,97,161,162,-1,97,162,95,-1,95,162,163,-1,95,163,118,-1,163,164,118,-1,118,164,165,-1,118,165,116,-1,116,165,166,-1,116,166,114,-1,114,166,167,-1,114,167,112,-1,112,167,168,-1,112,168,17,-1,17,168,169,-1,17,169,18,-1,170,33,31,-1,18,169,171,-1,18,171,31,-1,31,171,172,-1,31,172,170,-1,33,170,173,-1,33,173,39,-1,39,173,174,-1,39,174,37,-1,37,174,175,-1,37,175,100,-1,100,175,176,-1,100,176,101,-1,101,176,177,-1,101,177,103,-1,103,177,178,-1,103,178,105,-1,179,69,67,-1,105,178,180,-1,105,180,107,-1,107,180,181,-1,107,181,108,-1,181,182,108,-1,108,182,183,-1,108,183,67,-1,67,183,184,-1,67,184,179,-1,69,179,185,-1,69,185,71,-1,71,185,186,-1,71,186,73,-1,73,186,187,-1,73,187,74,-1,74,187,188,-1,74,188,64,-1,64,188,189,-1,64,189,65,-1,65,189,190,-1,65,190,20,-1,20,190,191,-1,20,191,21,-1,21,191,192,-1,193,1,0,-1,21,192,0,-1,0,192,194,-1,0,194,193,-1,193,195,1,-1,1,195,196,-1,1,196,77,-1,77,196,197,-1,77,197,127,-1,127,197,198,-1,127,198,128,-1,128,198,199,-1,128,199,130,-1,130,199,200,-1,201,140,138,-1,130,200,132,-1,132,200,202,-1,132,202,134,-1,134,202,203,-1,134,203,136,-1,136,203,204,-1,136,204,138,-1,138,204,205,-1,138,205,201,-1,201,206,140,-1,140,206,207,-1,140,207,141,-1,141,207,208,-1,141,208,14,-1,15,14,209,-1,209,14,208,-1,5,15,210,-1,210,15,209,-1,12,5,211,-1,211,5,210,-1,8,12,212,-1,212,12,211,-1,8,212,213,-1,8,213,121,-1,121,213,214,-1,121,214,79,-1,79,214,215,-1,79,215,80,-1,80,215,216,-1,80,216,81,-1,81,216,217,-1,81,217,43,-1,43,217,218,-1,43,218,45,-1,45,218,219,-1,45,219,47,-1,47,219,220,-1,47,220,49,-1,49,220,221,-1,49,221,2,-1,2,221,222,-1,2,222,19,-1,19,222,223,-1,19,223,63,-1,63,223,224,-1,63,224,72,-1,72,224,225,-1,72,225,70,-1,70,225,226,-1,70,226,68,-1,66,68,227,-1,227,68,226,-1,227,228,66,-1,66,228,229,-1,66,229,106,-1,106,229,230,-1,106,230,104,-1,230,231,104,-1,104,231,232,-1,104,232,102,-1,102,232,233,-1,102,233,35,-1,35,233,234,-1,35,234,36,-1,36,234,235,-1,36,235,38,-1,38,235,236,-1,38,236,40,-1,40,236,237,-1,40,237,41,-1,41,237,238,-1,41,238,34,-1,34,238,239,-1,34,239,32,-1,32,239,240,-1,32,240,30,-1,30,240,241,-1,30,241,16,-1,16,241,242,-1,16,242,113,-1,113,242,243,-1,113,243,115,-1,244,22,245,-1,245,22,99,-1,245,99,246,-1,246,99,98,-1,246,98,247,-1,247,98,96,-1,247,96,248,-1,248,96,120,-1,248,120,249,-1,249,120,119,-1,249,119,250,-1,250,119,117,-1,250,117,251,-1,251,117,115,-1,251,115,243,-1,23,22,252,-1,252,22,244,-1,23,252,253,-1,23,253,25,-1,25,253,254,-1,25,254,27,-1,27,254,255,-1,27,255,82,-1,82,255,256,-1,82,256,83,-1,83,256,257,-1,83,257,85,-1,257,258,85,-1,85,258,259,-1,85,259,87,-1,87,259,260,-1,87,260,89,-1,89,260,261,-1,89,261,91,-1,91,261,262,-1,91,262,93,-1,93,262,263,-1,93,263,94,-1,94,263,264,-1,94,264,53,-1,53,264,265,-1,53,265,55,-1,55,265,266,-1,55,266,57,-1,57,266,267,-1,57,267,59,-1,61,59,268,-1,268,59,267,-1,61,268,269,-1,61,269,125,-1,125,269,270,-1,125,270,122,-1,122,270,271,-1,122,271,151,-1,151,271,272,-1,151,272,145,-1,145,272,273,-1,145,273,146,-1,146,273,274,-1,146,274,148,-1,148,274,275,-1,148,275,149,-1,149,275,276,-1,149,276,150,-1,150,276,277,-1,150,277,147,-1,147,277,278,-1,147,278,142,-1,142,278,279,-1,142,279,143,-1,143,279,280,-1,143,280,144,-1,144,280,281,-1,144,281,123,-1,123,281,282,-1,123,282,124,-1,124,282,283,-1,124,283,126,-1,126,283,284,-1,126,284,62,-1,62,284,285,-1,62,285,60,-1,58,60,286,-1,286,60,285,-1,58,286,287,-1,58,287,56,-1,56,287,288,-1,56,288,54,-1,54,288,289,-1,54,289,52,-1,52,289,290,-1,52,290,92,-1,92,290,291,-1,92,291,90,-1,90,291,152,-1,90,152,88,-1,6,292,293,-1,6,293,7,-1,7,293,294,-1,7,294,9,-1,9,294,295,-1,9,295,10,-1,10,295,296,-1,10,296,11,-1,11,296,297,-1,11,297,3,-1,3,297,298,-1,3,298,4,-1,4,298,299,-1,4,299,13,-1,13,299,300,-1,13,300,139,-1,139,300,301,-1,139,301,137,-1,137,301,302,-1,137,302,135,-1,135,302,303,-1,135,303,133,-1,133,303,304,-1,133,304,131,-1,131,304,305,-1,131,305,129,-1,129,305,306,-1,129,306,78,-1,78,306,307,-1,78,307,76,-1,76,307,308,-1,76,308,75,-1,75,308,309,-1,75,309,109,-1,109,309,310,-1,109,310,110,-1,110,310,311,-1,110,311,111,-1,111,311,312,-1,111,312,51,-1,51,312,313,-1,51,313,50,-1,50,313,314,-1,50,314,48,-1,48,314,315,-1,48,315,46,-1,46,315,316,-1,46,316,44,-1,44,316,317,-1,44,317,42,-1,42,317,292,-1,42,292,6,-1,
        ]
    }
}
Shape{
    appearance Appearance {
        material  Material 	{
            diffuseColor 1.0 1.0 1.0
            specularColor 0.30196078431372547 0.30196078431372547 0.30196078431372547
            ambientIntensity 1.0
            transparency 0.0
            shininess 0.5
        }
    }
    geometry IndexedFaceSet {
        ccw TRUE
        solid FALSE
        coord DEF co Coordinate {
            point [
                1.5002 1.299 0.4981, 1.494 1.299 0.4974, 1.4935 1.299 0.564, 1.4865 1.299 0.4982, 1.4606 1.299 0.5343, 1.4606 1.299 0.5268, 1.479 1.299 0.5008, 1.5084 1.299 0.5606, 1.5208 1.299 0.5113, 1.5152 1.299 0.5053, 1.4625 1.299 0.5423, 1.4661 1.299 0.5493, 1.4715 1.299 0.5555, 1.5246 1.299 0.5183, 1.5152 1.299 0.5561, 1.5267 1.299 0.5261, 1.5008 1.299 0.5632, 1.5082 1.299 0.5008, 1.4723 1.299 0.5052, 1.4667 1.299 0.5113, 1.4627 1.299 0.5186, 1.4783 1.299 0.5602, 1.4862 1.299 0.5632, 1.5268 1.299 0.5344, 1.5208 1.299 0.55, 1.5248 1.299 0.5426
            ]
        }
        coordIndex [
            0,1,2,-1,2,1,3,-1,4,3,5,-1,5,3,6,-1,7,8,9,-1,4,10,3,-1,3,10,11,-1,3,11,12,-1,8,7,13,-1,13,7,14,-1,13,14,15,-1,2,16,0,-1,0,16,7,-1,0,7,17,-1,17,7,9,-1,6,18,5,-1,5,18,19,-1,5,19,20,-1,12,21,3,-1,3,21,22,-1,3,22,2,-1,15,14,23,-1,23,14,24,-1,23,24,25,-1,
        ]
    }
}